Company,Website,Company Linkedin Url,Company City,Company State,Company Address,Apollo Account Id
Capital One,http://www.capitalone.com,http://www.linkedin.com/company/capital-one,"","","",620176553e1b060001a1fafc
KTek Resourcing,http://www.ktekresourcing.com,http://www.linkedin.com/company/ktekresourcing,"","","",620176553e1b060001a1fbc8
VDart,http://www.vdartinc.com,"","","","",620176553e1b060001a1fce9
"Ashley Ellis, Inc",http://www.gotoagile.com,http://www.linkedin.com/company/agile-resources-inc-,"","","",620a7b18c47acf00010f4ec1
LGZ New Media,"","","","","",620a7b18c47acf00010f4eea
Schneider Electric,http://www.se.com,http://www.linkedin.com/company/schneider-electric,"","","",62152ff5a2911b00019101f0
Midas Consulting,http://www.midasconsulting.com.ar,http://www.linkedin.com/company/midas-consulting-helping-companies-grow-and-compete-better,"","","",621d00de2e43450001ca4ec6
"Lifetime Solutions, Inc.",http://www.lifetimesi.com,http://www.linkedin.com/company/lifetime-solutions-inc,"","","",621d00de2e43450001ca4ec8
Suncap Technology,http://www.suncaptech.com,http://www.linkedin.com/company/suncap-technology,"","","",6220ec770bd2a5000132c0fe
Times Microwave Systems,http://www.timesmicrowave.com,http://www.linkedin.com/company/times-microwave-systems,"","","",6220ec770bd2a5000132c102
Sensible Recycling,http://www.sensiblerecycling.com,http://www.linkedin.com/company/sensible-recycling,"","","",6220ec770bd2a5000132c109
SecureNet,http://www.securenettech.com,http://www.linkedin.com/company/securenet,"","","",6220ec770bd2a5000132c10a
UPS,http://www.ups.com,http://www.linkedin.com/company/ups,"","","",6220ec770bd2a5000132c121
ZOLL Medical Corporation,http://www.zoll.com,http://www.linkedin.com/company/zoll-medical-corporation,"","","",6220ec770bd2a5000132c129
"Take-Two Interactive Software, Inc.",http://www.take2games.com,http://www.linkedin.com/company/take-2-interactive-software-inc-,"","","",6220ec770bd2a5000132c12d
EyeCare Partners,http://www.eyecare-partners.com,http://www.linkedin.com/company/eyecare-partners.com,"","","",6220ec770bd2a5000132c149
CMA,http://www.cma-cgm.com,http://www.linkedin.com/company/cma-cgm,"","","",6220ec770bd2a5000132c162
SightMD,http://www.sightmd.com,http://www.linkedin.com/company/sightmd,"","","",6220ec770bd2a5000132c16a
Fleet Service of Tulsa LLC,http://www.fleetserviceoftulsa.com,http://www.linkedin.com/company/fleet-service-of-tulsa-llc,"","","",6220ec770bd2a5000132c17a
Sagicor Group Jamaica Limited,http://www.sagicorbankja.com,"","","","",6220ec770bd2a5000132c1b2
ASRC Federal,"","","","","",6220ec770bd2a5000132c1cd
CTDI,http://www.ctdi.com,http://www.linkedin.com/company/ctdi,"","","",61fd51a6ad5cfa0001b690de
Blue Ocean Ventures,http://www.blueocean-ventures.com,http://www.linkedin.com/company/blueoceanvc,"","","",620d0bbaa74b4f0001689d82
PeopleCaddie,http://www.peoplecaddie.com,http://www.linkedin.com/company/peoplecaddie,"","","",620d0bbaa74b4f0001689e48
Universal Electronics,http://www.uei.com,http://www.linkedin.com/company/universal-electronics,"","","",621d00659ea50800018dd23a
Hollister School District,http://www.hesd.org,http://www.linkedin.com/company/hollister-school-district,"","","",621d00de2e43450001ca4ecd
TEKFORTUNE INC,"","","","","",6220ec770bd2a5000132c122
Incendia Partners,"","","","","",6220ec770bd2a5000132c124
WB Solutions LLC,"","","","","",6220ec770bd2a5000132c12c
"CoreSphere, LLC","","","","","",6220ec770bd2a5000132c131
TWO MEN AND A TRUCKÂ®,"","","","","",6220ec770bd2a5000132c13e
Travelex Insurance Services,"","","","","",6220ec770bd2a5000132c156
"OST, Inc.","","","","","",6220ec770bd2a5000132c164
Diversified Systems.com,"","","","","",6220ec770bd2a5000132c175
CCS IT,"","","","","",6220ec770bd2a5000132c178
Allan Myers Inc.,"","","","","",6220ec770bd2a5000132c180
"Spring Technosoft, Inc.","","","","","",6220ec770bd2a5000132c184
National Family Week Ltd,"","","","","",6220ec770bd2a5000132c190
RWS Group,"","","","","",6220ec770bd2a5000132c196
Compassion International,"","","","","",6220ec770bd2a5000132c1d0
Praxent,"","","","","",6220ec770bd2a5000132c1d9
Yakshna Solutions,"","","","","",6220ec770bd2a5000132c1dd
The Judge Group,http://www.judge.com,http://www.linkedin.com/company/the-judge-group,Wayne,Pennsylvania,"151 S Warner Rd, Wayne, Pennsylvania, United States, 19087",61f5e8e2c3567400dae94a81
Accenture,http://www.accenture.com,http://www.linkedin.com/company/accenture,"","","",620176553e1b060001a1fa99
Nisum,http://www.nisum.com,http://www.linkedin.com/company/nisum-technologies,"","","",620176553e1b060001a1fc03
Rockbot,http://www.rockbot.com,http://www.linkedin.com/company/rockbot,"","","",620176553e1b060001a1fc6a
Beacon Hill Staffing Group,http://www.beaconhillstaffing.com,http://www.linkedin.com/company/beacon-hill-staffing-group,"","","",620d0bbaa74b4f0001689d7a
PamTen Inc,http://www.pamten.com,http://www.linkedin.com/company/pamteninc,"","","",620d0bbaa74b4f0001689e44
TriCom Technical Services,http://www.tricomts.com,http://www.linkedin.com/company/tricom-technical-services,"","","",620d0bbaa74b4f0001689ec0
iFixit,http://www.ifixit.com,http://www.linkedin.com/company/ifixit,"","","",621d00de2e43450001ca4ee2
Alvarez & Marsal,"","","","","",6220ec770bd2a5000132c10f
Linbar Solutions Inc. (LSi),"","","","","",6220ec770bd2a5000132c114
Simon+James Group,"","","","","",6220ec770bd2a5000132c11b
2K Vegas,"","","","","",6220ec770bd2a5000132c15e
API Heat Transfer,"","","","","",6220ec770bd2a5000132c168
Eclaro,"","","","","",6220ec770bd2a5000132c16e
Mobile Health,"","","","","",6220ec770bd2a5000132c16f
Recovery Centers of America,"","","","","",6220ec770bd2a5000132c181
Dynasticx LLC,"","","","","",6220ec770bd2a5000132c19a
Leon Consulting Corporation,"","","","","",6220ec770bd2a5000132c19b
Alpha Consulting Corp.,"","","","","",6220ec770bd2a5000132c1a3
MicroHealth,"","","","","",6220ec770bd2a5000132c1b0
EnerMech,"","","","","",6220ec770bd2a5000132c1b5
Pierce Manufacturing,"","","","","",6220ec770bd2a5000132c1b8
"Systems, LLC - Poweramp | DLM","","","","","",6220ec770bd2a5000132c1bb
USEMCO,"","","","","",6220ec770bd2a5000132c1c0
SWI - Innovation Delivered,"","","","","",6220ec770bd2a5000132c1c1
Fusion Technology LLC,"","","","","",6220ec770bd2a5000132c1c8
Blingy,"","","","","",6220ec770bd2a5000132c1ce
DECA Games,"","","","","",6220ec770bd2a5000132c1d1
OneDigital,"","","","","",6220ec770bd2a5000132c1d7
Vectrus,"","","","","",6220ec770bd2a5000132c1dc
BioSpace,http://www.biospace.com,http://www.linkedin.com/company/biospaceinc,"","","",61fbf9ddfd56980001814550
Nelnet,http://www.nelnet.com,http://www.linkedin.com/company/nelnetintl,"","","",620176553e1b060001a1fbfa
ICONMA,http://www.iconma.com,http://www.linkedin.com/company/iconma,"","","",6205526548cf3b0001a2e0ec
Ledgent Technology,http://www.ledgent.com,http://www.linkedin.com/company/ledgent-technology,"","","",620d0bbaa74b4f0001689e18
Staffmark Group,http://www.staffmark.com,http://www.linkedin.com/company/staffmark,"","","",621cffdd816c060001236c53
Airswift,http://www.airswift.com,http://www.linkedin.com/company/airswift,"","","",621d00659ea50800018dd23b
"Solid State Devices, Inc. (SSDI)",http://www.ssdi-power.com,http://www.linkedin.com/company/solid-state-devices-inc-,"","","",621d00de2e43450001ca4ed2
UST,http://www.stthomas.edu,http://www.linkedin.com/company/166674,"","","",621d00de2e43450001ca4edd
Holt Automotive Recruitment,http://www.holtrecruitment.com,http://www.linkedin.com/company/holt-automotive-recruitment,"","","",621d00de2e43450001ca4ee8
Nippon Shokken U.S.A Inc.,http://www.nihonshokken.com,http://www.linkedin.com/company/nippon-shokken-u-s-a-inc-,"","","",621d00de2e43450001ca4eec
PharmDLive Overview,"","","","","",6220ec770bd2a5000132c106
"Chevo Consulting, LLC","","","","","",6220ec770bd2a5000132c135
"Genesis Consulting Partners, LLC","","","","","",6220ec770bd2a5000132c137
"MAT Holdings, Inc.","","","","","",6220ec770bd2a5000132c144
Sligo Software Solutions Inc.,"","","","","",6220ec770bd2a5000132c166
The Financial Information Services Agency,"","","","","",6220ec770bd2a5000132c170
Huisartsenpraktijk Nistelrode,"","","","","",6220ec770bd2a5000132c18f
Visual Concepts,"","","","","",6220ec770bd2a5000132c1a2
Global App Testing,"","","","","",6220ec770bd2a5000132c1c4
hankersystems,"","","","","",6220ec770bd2a5000132c1ca
NEOTech,"","","","","",6220ec770bd2a5000132c1d3
"NYC Health + Hospitals, Inc.","","","","","",6220ec770bd2a5000132c1d4
hr tek solution,"","","","","",6220ec770bd2a5000132c1e0
ClearanceJobs,http://www.clearancejobs.com,http://www.linkedin.com/company/clearancejobs.com,"","","",61f9608a66f7f20001ee0473
"TSR Consulting Services, Inc",http://www.tsrconsulting.com,http://www.linkedin.com/company/tsr-consulting-services,"","","",61f9608a66f7f20001ee04b5
"Georgia IT, Inc.",http://www.georgiainfotech.com,"","","","",620176553e1b060001a1fb68
"Pinnacle Group, Inc.",http://www.pinnacle1.com,http://www.linkedin.com/company/pinnacle-technical-resources,"","","",620176553e1b060001a1fc33
"Software Guidance & Assistance, Inc. (SGA, Inc.)",http://www.sgainc.com,http://www.linkedin.com/company/software-guidance-&-assistance,"","","",620176553e1b060001a1fc98
Crescens Inc.,http://www.crescensinc.com,http://www.linkedin.com/company/crescens-inc-,"","","",6205526548cf3b0001a2e0c7
Luxoft,http://www.luxoft.com,http://www.linkedin.com/company/luxoft,"","","",6205526548cf3b0001a2e103
"Quadrant, Inc.",http://www.quadrantinc.com,http://www.linkedin.com/company/quadrant-inc-,"","","",6205526548cf3b0001a2e124
SAIC,http://www.saic.com,http://www.linkedin.com/company/saicinc,"","","",6205526548cf3b0001a2e12e
L3Harris Technologies,http://www.l3harris.com,http://www.linkedin.com/company/l3harris-technologies,"","","",62152ff5a2911b0001910148
Enexus Global Inc.,http://www.enexusglobal.com,http://www.linkedin.com/company/enexusglobal,"","","",62152ff5a2911b00019101a3
SnapX.ai,http://www.snapx.ai,http://www.linkedin.com/company/snapx-ai,"","","",62152ff5a2911b00019101f4
JobsInLogistics.com,http://www.jobsinlogistics.com,http://www.linkedin.com/company/jobsinlogistics-com,"","","",621cfb2225fbd60001d84931
Powermatic Associates,http://www.powermatic.net,http://www.linkedin.com/company/powermatic-associates,"","","",621d00de2e43450001ca4ed0
"Crystal Management, LLC","","","","","",6220ec770bd2a5000132c104
Kimball Electronics,"","","","","",6220ec770bd2a5000132c110
"POS Professional Office Services, Inc.","","","","","",6220ec770bd2a5000132c118
Reckitt,"","","","","",6220ec770bd2a5000132c13f
Hitachi Energy,"","","","","",6220ec770bd2a5000132c14a
Ultimate Staffing,"","","","","",6220ec770bd2a5000132c157
HW Staffing Solutions,"","","","","",6220ec770bd2a5000132c158
Central Semiconductor Corp.,"","","","","",6220ec770bd2a5000132c16b
Wacom Technology Corp.,"","","","","",6220ec770bd2a5000132c17d
"Stellant Systems, Inc.","","","","","",6220ec770bd2a5000132c186
ObjectWin Technology,"","","","","",6220ec770bd2a5000132c195
SightSpectrum LLC,"","","","","",6220ec770bd2a5000132c19d
Velocity Resource Solutions,"","","","","",6220ec770bd2a5000132c1a9
Daikin Applied Americas,"","","","","",6220ec770bd2a5000132c1af
ETE REMAN,"","","","","",6220ec770bd2a5000132c1be
Baltimore City Community College,"","","","","",6220ec770bd2a5000132c1c5
Malicis,"","","","","",6220ec770bd2a5000132c1c7
Infomerica,http://www.infomericainc.com,http://www.linkedin.com/company/infomerica,"","","",6205526548cf3b0001a2e0f1
Aditi Consulting,http://www.aditiconsulting.com,http://www.linkedin.com/company/aditiconsulting,"","","",620a7b18c47acf00010f4ebc
TISTA Science and Technology Corporation,http://www.tistatech.com,http://www.linkedin.com/company/tista-science-and-technology-corporation,Rockville,Maryland,"1201 Seven Locks Road, Rockville, Maryland, United States, 20854",621929a4e1a28d008d00eea8
Actalent,http://www.actalentagency.com,http://www.linkedin.com/company/actalentservices,"","","",621d00659ea50800018dd235
"Softpath System, LLC",http://www.softpath.net,http://www.linkedin.com/company/softpath-system-llc,"","","",621d00659ea50800018dd238
Autivision,"","","","","",621d00de2e43450001ca4ed7
Abacus Service Corporation,"","","","","",6220ec770bd2a5000132c0fb
DISH Network,"","","","","",6220ec770bd2a5000132c101
"Arete Technologies, Inc.","","","","","",6220ec770bd2a5000132c107
Fairfax Software,"","","","","",6220ec770bd2a5000132c11f
DataServ,http://www.dataserv.com,http://www.linkedin.com/company/dataserv-automation,"","","",6220ec770bd2a5000132c146
"Black Sea Systems, LLC","","","","","",6220ec770bd2a5000132c16d
Malakye.com,http://www.malakye.com,http://www.linkedin.com/company/malakye,"","","",6220ec770bd2a5000132c17e
FirstEnergy,"","","","","",6220ec770bd2a5000132c187
Southern Construction Co,"","","","","",6220ec770bd2a5000132c192
"Y&L Consulting, Inc.",http://www.ylconsulting.com,http://www.linkedin.com/company/y&l-consulting,"","","",6220ec770bd2a5000132c199
"MOJA, Inc.","","","","","",6220ec770bd2a5000132c1aa
"RIT Solutions, Inc.",http://www.ritsolinc.com,http://www.linkedin.com/company/rit-solutions-inc,"","","",620176553e1b060001a1fc62
"Asta CRS, Inc.",http://www.astacrs.com,http://www.linkedin.com/company/asta-crs-inc.,"","","",6205526548cf3b0001a2e0a1
Booz Allen Hamilton,http://www.boozallen.com,http://www.linkedin.com/company/booz-allen-hamilton,"","","",6205526548cf3b0001a2e0ae
Nesco Resource,http://www.nescoresource.com,http://www.linkedin.com/company/nesco-resource,"","","",620a7b18c47acf00010f4ef4
Nityo Infotech,http://www.nityo.com,http://www.linkedin.com/company/nityo-infotech,"","","",62152ff5a2911b00019101d5
AFL,http://www.afl.com.au,http://www.linkedin.com/company/australian-football-league,"","","",621d00de2e43450001ca4ede
"Jones Covey Group, Inc.",http://www.jonescovey.com,http://www.linkedin.com/company/jones-covey-group-inc,"","","",6220ec770bd2a5000132c0fd
UICGS / Bowhead Family of Companies,http://www.bowheadsupport.com,http://www.linkedin.com/company/bowheadfamilyofcompanies,"","","",6220ec770bd2a5000132c134
AccruePartners,http://www.accruepartners.com,http://www.linkedin.com/company/accruepartners,"","","",6220ec770bd2a5000132c13c
CNS Healthcare,http://www.cnshealthcare.org,http://www.linkedin.com/company/cns-michigan,"","","",6220ec770bd2a5000132c13d
Bass Pro Shops,"","","","","",6220ec770bd2a5000132c147
Modine Manufacturing Company,http://www.modine.com,http://www.linkedin.com/company/modine-manufacturing-company,"","","",6220ec770bd2a5000132c14b
JG Partners USA,"","","","","",6220ec770bd2a5000132c154
RCM Technologies,http://www.rcmhealthcare.com,http://www.linkedin.com/company/rcm-health-care-services,"","","",6220ec770bd2a5000132c15b
BeeperMD,http://www.beepermd.com,http://www.linkedin.com/company/beepermd,"","","",6220ec770bd2a5000132c15f
Hyosung America,http://www.hyosungamericas.com,http://www.linkedin.com/company/hyosung-america,"","","",6220ec770bd2a5000132c179
Corporate Practice Law Firm,http://www.lewitthackman.com,http://www.linkedin.com/company/lewitt-hackman-shapiro-marshall-&-harlan,"","","",6220ec770bd2a5000132c191
Herschend Family Entertainment,http://www.hfecorp.com,http://www.linkedin.com/company/the-hfe-group,"","","",6220ec770bd2a5000132c193
Advent Global Solutions,http://www.adventglobal.com,http://www.linkedin.com/company/advent-global-solutions,"","","",6220ec770bd2a5000132c19e
Riverside Health System,http://www.riversideonline.com,http://www.linkedin.com/company/riverside-health-system,"","","",6220ec770bd2a5000132c1ad
Washington State Department of Health,http://www.wa.gov,http://www.linkedin.com/company/state-of-washington,"","","",6220ec770bd2a5000132c1b4
Mount Airey Group Inc.,"","","","","",6220ec770bd2a5000132c1c9
SGS Consulting,"","","","","",6220ec770bd2a5000132c1da
FinTech LLC,http://www.fintech.com,http://www.linkedin.com/company/fintech-net,"","","",61f805fb0d4ff40001b1c11f
Ampcus Inc,http://www.ampcus.com,http://www.linkedin.com/company/ampcus-inc,"","","",6205526548cf3b0001a2e09b
"Delta Star, Inc.",http://www.deltastar.com,http://www.linkedin.com/company/deltastarinc,"","","",6205526548cf3b0001a2e0ca
Experis,http://www.experis.com,http://www.linkedin.com/company/experis,"","","",6205526548cf3b0001a2e0d7
"The Brixton Group, Inc.",http://www.brixton.net,http://www.linkedin.com/company/the-brixton-group-inc.,"","","",62152ff5a2911b0001910216
Emerson Automation Solutions,"","","","","",621cfb2225fbd60001d8493a
Richland School District 2,http://www.richland2.org,http://www.linkedin.com/company/richland-school-district-2,"","","",621d00de2e43450001ca4ec5
Vaderama,"","","","","",621d00de2e43450001ca4edb
"PSR Associates, Inc.","","","","","",6220ec770bd2a5000132c111
G&W Electric Co.,"","","","","",6220ec770bd2a5000132c119
"Canal Barge Company, Inc.","","","","","",6220ec770bd2a5000132c123
Danta Technologies,"","","","","",6220ec770bd2a5000132c126
Microchip Technology Inc.,"","","","","",6220ec770bd2a5000132c12a
"Orbis Operations, LLC","","","","","",6220ec770bd2a5000132c12f
"OnesourcePCS, LLC","","","","","",6220ec770bd2a5000132c132
Ciber Global,"","","","","",6220ec770bd2a5000132c13a
"Elliott Group, Ebara Corp","","","","","",6220ec770bd2a5000132c17f
InfoStride,"","","","","",6220ec770bd2a5000132c18e
Magnus Technology Solutions,"","","","","",6220ec770bd2a5000132c19c
"Autonomous Solutions, Inc. (ASI)","","","","","",6220ec770bd2a5000132c1a4
Awardco,"","","","","",6220ec770bd2a5000132c1a5
"Global TechPro, LLC","","","","","",6220ec770bd2a5000132c1a6
GXM CONSULTING,"","","","","",6220ec770bd2a5000132c1ac
Industrial Training International,"","","","","",6220ec770bd2a5000132c1b7
Cummins Inc.,"","","","","",6220ec770bd2a5000132c1bf
Skillsearch Limited,"","","","","",6220ec770bd2a5000132c1db
Optum,http://www.optum.com,http://www.linkedin.com/company/alere-wellbeing,"","","",61f805fb0d4ff40001b1c0f9
Wabtec Corporation,http://www.wabteccorp.com,http://www.linkedin.com/company/getransportation,"","","",61f9608a66f7f20001ee04b7
Atrilogy Solutions Group,http://www.atrilogy.com,http://www.linkedin.com/company/atrilogy-solutions-group,"","","",620176553e1b060001a1fac9
Axelon Services Corporation,http://www.axelon.com,http://www.linkedin.com/company/axelon-services-corp.,"","","",620176553e1b060001a1fadb
Genesis10,http://www.genesis10.com,http://www.linkedin.com/company/genesis10,"","","",620176553e1b060001a1fb5f
Robert Half,http://www.roberthalf.com,http://www.linkedin.com/company/robert-half-international,"","","",620176553e1b060001a1fc67
Lumen Solutions Group Inc.,http://www.lumensolutions.com,http://www.linkedin.com/company/lumen-solutions-inc-,"","","",6205526548cf3b0001a2e102
Pomeroy,http://www.pomeroy.com,http://www.linkedin.com/company/pomeroy,"","","",620a7b18c47acf00010f4ef9
TechDigital,http://www.techdigitalcorp.com,http://www.linkedin.com/company/techdigital-corporation,"","","",62152ff5a2911b00019101fe
Plastipak,http://www.plastipak.com,http://www.linkedin.com/company/plastipak,"","","",621cfb2225fbd60001d84933
Eaton,http://www.eaton.eu,http://www.linkedin.com/company/eaton-germany-g.m.b.h.,"","","",621d00de2e43450001ca4ecf
Total Testing Solutions,http://www.totaltestingsolutions.com,http://www.linkedin.com/company/covidtotal-testing-solutions,"","","",621d00de2e43450001ca4ed3
Ideas In Bloom,http://www.ideasinbloom.ca,http://www.linkedin.com/company/ideas-in-bloom,"","","",621d00de2e43450001ca4ed9
Big Nerd Ranch,"","","","","",6220ec770bd2a5000132c113
Experfy,"","","","","",6220ec770bd2a5000132c127
City of Baltimore,"","","","","",6220ec770bd2a5000132c130
Fairview Health Services,"","","","","",6220ec770bd2a5000132c141
"3Ci, An MAU Company","","","","","",6220ec770bd2a5000132c14f
Caregility,"","","","","",6220ec770bd2a5000132c15a
Blizzard Entertainment,"","","","","",6220ec770bd2a5000132c161
Wright-Patt Credit Union,"","","","","",6220ec770bd2a5000132c173
"Nemo IT Solutions, Inc","","","","","",6220ec770bd2a5000132c1d5
Stefanini North America and APAC,"","","","","",61f805fb0d4ff40001b1c114
Apolis,http://www.apolisglobal.com,http://www.linkedin.com/company/apolisrises,"","","",61f9608a66f7f20001ee0468
OpenGov Inc.,http://www.opengov.com,http://www.linkedin.com/company/opengov-inc,"","","",620176553e1b060001a1fc0f
NR Consulting,http://www.nrconsultingservice.com,http://www.linkedin.com/company/nrconsultingllc,"","","",6205526548cf3b0001a2e117
Consolidated Analytics - NMLS ID# 1645182,"","","","","",620a7b18c47acf00010f4ec9
Inherent Technologies,http://www.inherenttech.com,http://www.linkedin.com/company/inherent-technologies-pvt-ltd,"","","",621cffdd816c060001236c51
Staffmark,http://www.staffmark.com,http://www.linkedin.com/company/staffmark,"","","",621cffdd816c060001236c52
"OCTI, INC.",http://www.supermediafuture.com,"","","","",621d00de2e43450001ca4eeb
GovCIO,"","","","","",6220ec770bd2a5000132c0fa
Frndly TV,"","","","","",6220ec770bd2a5000132c0fc
Valley View Hospital,"","","","","",6220ec770bd2a5000132c100
FNZ Group,"","","","","",6220ec770bd2a5000132c11e
BRMi,"","","","","",6220ec770bd2a5000132c138
Prudential Financial,"","","","","",6220ec770bd2a5000132c142
CommerceCX,"","","","","",6220ec770bd2a5000132c14d
Avtech Solutions Inc,"","","","","",6220ec770bd2a5000132c16c
Apptek Solutions Group,"","","","","",6220ec770bd2a5000132c174
Ohio Department of Mental Health & Addiction Services,"","","","","",6220ec770bd2a5000132c176
ClifyX,"","","","","",6220ec770bd2a5000132c18b
IT-SCIENT,"","","","","",6220ec770bd2a5000132c194
Ness Digital Engineering,"","","","","",6220ec770bd2a5000132c1d6
Param Solutions,"","","","","",6220ec770bd2a5000132c1d8
Lockheed Martin,http://www.lockheedmartinjobs.com,http://www.linkedin.com/company/lockheed-martin-referrals,"","","",61f805fb0d4ff40001b1c0ed
Spectraforce Technologies,http://www.spectraforce.com,http://www.linkedin.com/company/spectraforce,"","","",61f9608a66f7f20001ee04b1
Elbit Systems of America,http://www.elbitamerica.com,http://www.linkedin.com/company/elbitsystemsofamerica,"","","",620176553e1b060001a1fb34
Insight Global,http://www.insightglobal.com,http://www.linkedin.com/company/insight-global,"","","",620176553e1b060001a1fba3
Big Fish Games,http://www.bigfishgames.com,http://www.linkedin.com/company/big-fish-games,"","","",6205526548cf3b0001a2e0aa
"Chandra Technologies, Inc",http://www.chandratech.com,http://www.linkedin.com/company/chandra-technologies-inc,"","","",6205526548cf3b0001a2e0bb
DXC Technology,http://www.dxc.technology,http://www.linkedin.com/company/csc,"","","",6205526548cf3b0001a2e0cf
Mason Frank International,http://www.masonfrank.com,http://www.linkedin.com/company/masonfrankinternational,"","","",620a7b18c47acf00010f4eed
Falcon IT & Staffing Solutions,http://www.falconitss.com,http://www.linkedin.com/company/falconitss,"","","",620d0bbaa74b4f0001689dcb
Horizontal Talent,http://www.horizontaltalent.com,http://www.linkedin.com/company/horizontal-talent,"","","",62152ff5a2911b0001910143
M3BI - A Zensar Company,"","","","","",621d00659ea50800018dd236
Gespreksleider Jacobs,"","","","","",621d00de2e43450001ca4ed8
InvestCloud Financial Supermarketâ„¢ (formerly Tegra118),"","","","","",6220ec770bd2a5000132c0f9
Liberty IT Solutions,"","","","","",6220ec770bd2a5000132c10d
inSync Staffing,"","","","","",6220ec770bd2a5000132c117
SohanIT Inc,"","","","","",6220ec770bd2a5000132c143
Schellinger Construction,"","","","","",6220ec770bd2a5000132c14c
Overpass,"","","","","",6220ec770bd2a5000132c169
Infomerica Inc,"","","","","",6220ec770bd2a5000132c1a0
CollaboraIT Inc.,"","","","","",6220ec770bd2a5000132c1ab
Flossbar,"","","","","",6220ec770bd2a5000132c1c6
Labelmaster,"","","","","",6220ec770bd2a5000132c1cb
CONFLUX,"","","","","",6220ec770bd2a5000132c1cf
HonorVet Technologies,http://www.honorvettech.com,http://www.linkedin.com/company/honorvettech,Dallas,Texas,"Dallas, Texas, United States",61f43711f21d6c0001850aa7
Michael Page,http://www.michaelpage.com,http://www.linkedin.com/company/michael-page-international-recruitment-limited,"","","",61f805fb0d4ff40001b1c123
Themesoft Inc.,http://www.themesoft.com,http://www.linkedin.com/company/themesoft-inc.,"","","",61fbf9ddfd56980001814551
"DMI (Digital Management, LLC)",http://www.dminc.com,http://www.linkedin.com/company/dmi-digital-management-inc-,"","","",61fd51a6ad5cfa0001b690e5
General Dynamics Information Technology,http://www.gdit.com,http://www.linkedin.com/company/gdit,"","","",61fd51a6ad5cfa0001b690f6
HUMAC INC,http://www.humacinc.com,http://www.linkedin.com/company/humac-inc,"","","",620176553e1b060001a1fb89
TALENT Software Services,http://www.talentstaffingservices.com,http://www.linkedin.com/company/talent-software-services,"","","",6205526548cf3b0001a2e142
Intellisoft Technologies,http://www.intellisofttech.com,http://www.linkedin.com/company/intellisoft-technologies,"","","",620d0bbaa74b4f0001689e01
Paradox,http://www.paradoxplaza.com,http://www.linkedin.com/company/paradox-interactive,"","","",621d00659ea50800018dd239
"Nationwide Skilled Trades, Inc.",http://www.nationwideskilledtrades.com,http://www.linkedin.com/company/nationwide-skilled-trades-inc-,"","","",621d00de2e43450001ca4edc
IdeaCrew,"","","","","",6220ec770bd2a5000132c105
SecureNet Technologies,"","","","","",6220ec770bd2a5000132c10b
Jabil,"","","","","",6220ec770bd2a5000132c10e
AR Systems Inc..,"","","","","",6220ec770bd2a5000132c112
Tester Work,"","","","","",6220ec770bd2a5000132c116
Chicagoland Testing,"","","","","",6220ec770bd2a5000132c11c
KGPCo,"","","","","",6220ec770bd2a5000132c120
Retail Business Services,"","","","","",6220ec770bd2a5000132c12b
Logical Paradigm,"","","","","",6220ec770bd2a5000132c12e
Delmock Technologies Inc.,"","","","","",6220ec770bd2a5000132c136
ServingSchools,"","","","","",6220ec770bd2a5000132c139
"Johnson Service Group, Inc.","","","","","",6220ec770bd2a5000132c145
Eastern Connecticut Health Network (ECHN),"","","","","",6220ec770bd2a5000132c150
Jatca Inc,"","","","","",6220ec770bd2a5000132c151
VBeyond Corporation,"","","","","",6220ec770bd2a5000132c152
RX2 Solutions,"","","","","",6220ec770bd2a5000132c159
ettain group,"","","","","",6220ec770bd2a5000132c177
Seneca Resources,"","","","","",6220ec770bd2a5000132c1b1
"OPW, a Dover Company","","","","","",6220ec770bd2a5000132c1ba
UZIO,"","","","","",6220ec770bd2a5000132c1c2
Capleo Global,"","","","","",6220ec770bd2a5000132c1c3
Alberta Health Services,"","","","","",6220ec770bd2a5000132c1cc
"Yoh, A Day & Zimmermann Company",http://www.yoh.com,http://www.linkedin.com/company/starpoint-solutions,"","","",61f805fb0d4ff40001b1c13f
Expedite Technology Solutions LLC,http://www.expeditets.com,http://www.linkedin.com/company/expedite-inc,"","","",61f9608a66f7f20001ee0488
Sabre Corporation,http://www.sabre.com,http://www.linkedin.com/company/sabre-corporation,"","","",61f9608a66f7f20001ee04aa
Honeywell,http://www.honeywell.com,http://www.linkedin.com/company/honeywell,"","","",61fd51a6ad5cfa0001b69100
Infostretch,http://www.infostretch.com,http://www.linkedin.com/company/infostretch,"","","",620176553e1b060001a1fb91
Infosys,http://www.infosys.com,http://www.linkedin.com/company/infosys,"","","",620176553e1b060001a1fb93
"DIVERSANT, LLC",http://www.diversant.com,http://www.linkedin.com/company/diversant-llc,"","","",620a7b18c47acf00010f4ed1
HireTalent - Diversity Staffing & Recruiting Firm,http://www.hiretalent.com,http://www.linkedin.com/company/hiretalent_,"","","",620a7b18c47acf00010f4ede
myDevices,http://www.mydevices.com,http://www.linkedin.com/company/mydevices,"","","",621d00de2e43450001ca4ed4
Harbor Electronics,http://www.harbor-electronics.com,http://www.linkedin.com/company/harbor-electronics,"","","",621d00de2e43450001ca4ee3
Belcan,"","","","","",6220ec770bd2a5000132c108
Zeldavision,"","","","","",6220ec770bd2a5000132c11d
KYYBA Inc,"","","","","",6220ec770bd2a5000132c13b
Circuit Check Inc.,"","","","","",6220ec770bd2a5000132c140
"Civil & Environmental Consultants, Inc.","","","","","",6220ec770bd2a5000132c153
Crestron Electronics,"","","","","",6220ec770bd2a5000132c171
"GSPANN Technologies, Inc","","","","","",6220ec770bd2a5000132c17c
Techtronic Industries - TTI,"","","","","",6220ec770bd2a5000132c18c
WIN Reality,"","","","","",6220ec770bd2a5000132c198
Smith & Associates,"","","","","",6220ec770bd2a5000132c1a1
"ZenythGroup, LLC.","","","","","",6220ec770bd2a5000132c1de
Dice,http://www.dice.com,http://www.linkedin.com/company/dice,"","","",61f805fb0d4ff40001b1c112
DISYS,http://www.disys.com,http://www.linkedin.com/company/disys,"","","",61f9608a66f7f20001ee0480
Net2Source Inc.,http://www.net2source.com,http://www.linkedin.com/company/net2sourceinc,"","","",61f9608a66f7f20001ee0499
U.S. Bank,http://www.usbank.com,http://www.linkedin.com/company/us-bank,"","","",61fd51a6ad5cfa0001b6913e
ManTech,http://www.mantech.com,http://www.linkedin.com/company/mantech,Herndon,Virginia,"2251 Corporate Park Drive, Herndon, Virginia, United States, 20171",61fd5941d1c69e0001c8ddd3
"TalentBurst, an Inc 5000 company",http://www.talentburst.com,http://www.linkedin.com/company/talentburst,"","","",620176553e1b060001a1fcb6
eSolutionsFirst,http://www.esolutionsfirst.com,http://www.linkedin.com/company/esolutionsfirst,"","","",6205526548cf3b0001a2e0d4
Rose International,http://www.roseint.com,http://www.linkedin.com/company/rose-international,"","","",6205526548cf3b0001a2e12c
TechWish,http://www.techwish.com,http://www.linkedin.com/company/techwish,"","","",6205526548cf3b0001a2e145
ConsultNet,http://www.consultnet.com,http://www.linkedin.com/company/consultnet,"","","",620a7b18c47acf00010f4ecb
Rheem Manufacturing,http://www.rheem.com,http://www.linkedin.com/company/rheem-manufacturing,"","","",621cfb2225fbd60001d84936
Professional Partners - Mortgage Brokers,http://www.ppartners.com.au,http://www.linkedin.com/company/professional-partners,"","","",621d00659ea50800018dd237
Calibro Corp.,"","","","","",6220ec770bd2a5000132c103
Vuesol Technologies Inc,"","","","","",6220ec770bd2a5000132c115
CK Supply,"","","","","",6220ec770bd2a5000132c148
Caesars Digital,"","","","","",6220ec770bd2a5000132c160
"PSI INTERNATIONAL, Inc.","","","","","",6220ec770bd2a5000132c165
inMusic,"","","","","",6220ec770bd2a5000132c188
CERES Group,"","","","","",6220ec770bd2a5000132c18a
Hitachi Rail,"","","","","",6220ec770bd2a5000132c18d
TEKWISSEN Â®,"","","","","",6220ec770bd2a5000132c197
Denali Advanced Integration,"","","","","",6220ec770bd2a5000132c1b3
Beyondsoft,"","","","","",6220ec770bd2a5000132c1b6
Badger Meter,"","","","","",6220ec770bd2a5000132c1bd
Infinity Consulting Solutions,http://www.infinity-cs.com,http://www.linkedin.com/company/infinity-consulting-solutions,"","","",61f9608a66f7f20001ee048f
ECI Software Solutions,http://www.ecisolutions.com,http://www.linkedin.com/company/eci-software--solutions,"","","",620176553e1b060001a1fb30
TekPartners,http://www.tekpartners.com,http://www.linkedin.com/company/tekpartners,"","","",620176553e1b060001a1fcc1
Allwyn Corporation,http://www.allwyncorp.com,http://www.linkedin.com/company/allwyncorp,"","","",620d0bbaa74b4f0001689d60
Piper Companies,http://www.pipercompanies.com,http://www.linkedin.com/company/pipercompanies,"","","",62152ff5a2911b0001910178
Kyndryl,http://www.ibm.com,http://www.linkedin.com/company/ibm,"","","",621cfb2225fbd60001d8493f
Atlas,http://www.playatlas.com,http://www.linkedin.com/company/atlas-van-lines,"","","",621d00de2e43450001ca4ecc
Matrix Executions,"","","","","",6220ec770bd2a5000132c11a
Incorporan Inc,"","","","","",6220ec770bd2a5000132c14e
ai Cloud Workforce,"","","","","",6220ec770bd2a5000132c167
"Velan Studios, Inc.","","","","","",6220ec770bd2a5000132c172
Columbia Sportswear Company,"","","","","",6220ec770bd2a5000132c17b
Apidel Technologies,"","","","","",6220ec770bd2a5000132c182
Murtech Consulting,"","","","","",6220ec770bd2a5000132c183
"YinzCam, Inc.","","","","","",6220ec770bd2a5000132c185
General Dynamics Electric Boat,"","","","","",6220ec770bd2a5000132c189
Core Laboratories,"","","","","",6220ec770bd2a5000132c19f
Cgi Technologies Corporation,"","","","","",6220ec770bd2a5000132c1a7
Activision Blizzard,"","","","","",6220ec770bd2a5000132c1bc
Career Staffing,http://www.cssar.com,http://www.linkedin.com/company/career-staffing-services,"","","",61f805fb0d4ff40001b1c102
CGI,http://www.cgi.com,http://www.linkedin.com/company/cgi,"","","",61f805fb0d4ff40001b1c122
"KellyMitchell Group, Inc",http://www.kellymitchell.com,http://www.linkedin.com/company/kelly-mitchell-group-inc,"","","",61f9608a66f7f20001ee0492
"LanceSoft, Inc.",http://www.lancesoft.com,http://www.linkedin.com/company/lancesoft,"","","",61f9608a66f7f20001ee0493
Eliassen Group,http://www.eliassen.com,http://www.linkedin.com/company/eliassen-group,"","","",61fe4f9f5cea6b00013363ef
Revel IT,http://www.revelit.com,http://www.linkedin.com/company/revel-it,"","","",620176553e1b060001a1fc5d
Unbroken Studios,http://www.unbrokenstudios.com,http://www.linkedin.com/company/unbrokenstudios,"","","",621d00de2e43450001ca4ecb
SBS CORP,http://www.mysbscorp.com,http://www.linkedin.com/company/sai-business-solutions,"","","",621d00de2e43450001ca4ed5
Avance Consulting,http://www.avanceservices.com,http://www.linkedin.com/company/avance-services,Franklin Township,New Jersey,"100 Franklin Square Drive, Franklin Township, New Jersey, United States, 08873",621e3eadadb203008d6bda5f
United Companies,"","","","","",6220ec770bd2a5000132c0ff
Arete Global - Recruiting Excellence,"","","","","",6220ec770bd2a5000132c10c
Dandy Technology,"","","","","",6220ec770bd2a5000132c125
Imetris Corporation,"","","","","",6220ec770bd2a5000132c128
"REDLattice, Inc.","","","","","",6220ec770bd2a5000132c133
Farm Credit Services of America,"","","","","",6220ec770bd2a5000132c155
"Woongjin, INC.","","","","","",6220ec770bd2a5000132c15c
Premier Medical Group USA,"","","","","",6220ec770bd2a5000132c15d
Crossfire Consulting,"","","","","",6220ec770bd2a5000132c163
"THE CENTECH GROUP, Inc.","","","","","",6220ec770bd2a5000132c1a8
Truist,"","","","","",6220ec770bd2a5000132c1ae
Generac Power Systems,"","","","","",6220ec770bd2a5000132c1b9
DataEdge,"","","","","",6220ec770bd2a5000132c1d2
eClerx,"","","","","",6220ec770bd2a5000132c1df
