Software Testers (Multiple positions open!),ADGA Group Consultants Inc.," San Fransisco ,CA"
QA Inspector/Tester,Prysmian Group,"Abbeville, SC"
QA Engineer,Aetos LLC,"Abercrombie, TX"
Quality Assurance Engineer,Sparx Hockey,"Acton, MA"
Quality Assurance Engineer,Vanderlande,"Acworth, GA"
"QA Tester (Addison, TX)","Ashley Ellis, Inc","Addison, TX"
"QA Tester (Addison, TX)","Ashley Ellis, Inc","Addison, TX"
Quality Assurance Analyst,CarOffer,"Addison, TX"
Quality Assurance Analyst,CarOffer,"Addison, TX"
"QA Tester (Addison, TX)",Paladin Consulting Inc.,"Addison, TX"
QA Tester/Analyst,"Yoh, A Day & Zimmermann Company","Addison, TX"
SRNL Quality Assurance Engineer,Savannah River Nuclear Solutions,"Aiken, SC"
Quality Assurance Engineer - Associate,The Goodyear Tire & Rubber Company,"Akron, OH"
Senior QA Tester,Dice,"Alameda, CA"
Mobile QA Tester,Dice,"Alameda, CA"
QA Tester (Temporary) - Vicarious Visions,Blizzard Entertainment,"Albany, NY"
Quality Assurance Analyst/ETL Tester,CMA,"Albany, NY"
Quality Assurance Analyst/ETL Tester,CMA,"Albany, NY"
QA Engineer II - Datto Continuity for MS Azure,"Datto, Inc.","Albany, NY"
QA Engineer II - Datto Continuity for MS Azure,"Datto, Inc.","Albany, NY"
Manufacturing Quality Assurance Analyst,Curia (formerly AMRI),"Albuquerque, NM"
Quality Assurance Engineer,Granicus,"Albuquerque, NM"
Quality Assurance Engineer,Granicus,"Albuquerque, NM"
Principal Software Tester,SAIC,"Alexandria, VA"
QA Engineer I,Ambry Genetics,"Aliso Viejo, CA"
QA Tester,"Tanisha Systems, Inc","Aliso Viejo, CA"
QA Hardware Engineer,Dice,"Allentown, PA"
QA Hardware Engineer,Dice,"Allentown, PA"
QA Engineer,Shift4,"Allentown, PA"
QA Tester,Axelon Services Corporation,"Alpharetta, GA"
SDET Tester,Cognizant,"Alpharetta, GA"
Quality Assurance Tester (QA Tester),Collabera Inc.,"Alpharetta, GA"
Quality Assurance Tester (QA Tester),Collabera Inc.,"Alpharetta, GA"
Quality Assurance Tester (QA Tester),Collabera Inc.,"Alpharetta, GA"
Quality Assurance Analyst (QA Analyst),Collabera Inc.,"Alpharetta, GA"
Quality Assurance Analyst (QA Analyst),Collabera Inc.,"Alpharetta, GA"
Quality Assurance Tester (QA Tester),Dice,"Alpharetta, GA"
QA Tester,Dice,"Alpharetta, GA"
QA Tester,Dice,"Alpharetta, GA"
Quality Assurance Analyst (QA Analyst),Dice,"Alpharetta, GA"
Quality Assurance Engineer - Government and Public Sector,EY,"Alpharetta, GA"
Quality Assurance Engineer - Government and Public Sector,EY,"Alpharetta, GA"
QA Tester,"LanceSoft, Inc.","Alpharetta, GA"
QA Tester,"LanceSoft, Inc.","Alpharetta, GA"
QA Engineer,"LanceSoft, Inc.","Alpharetta, GA"
QA Analyst,Dice,"Ambler, PA"
QA Analyst,Dice,"Ambler, PA"
Web-based SQA manual tester (w2 only),Incendia Partners,"Andover, MA"
QA Validation Engineer,Mastech Digital,"Andover, MA"
QA Validation Engineer,Mastech Digital,"Andover, MA"
QA Engineer,Lakeside Software,"Ann Arbor, MI"
Quality Assurance Engineer,Granicus,"Annapolis, MD"
Quality Assurance Engineer,Granicus,"Annapolis, MD"
UAT Tester,Genuent,"Arizona, "
UAT Tester,Genuent,"Arizona, "
Quality Assurance Engineer,The Judge Group,"Arlington, TN"
Federal - Software Tester,Accenture Federal Services,"Arlington, VA"
Federal - Software Tester,Accenture Federal Services,"Arlington, VA"
QA Analyst,"Alltech Consulting Services, Inc","Arlington, VA"
Quality Assurance Analyst,Booz Allen Hamilton,"Arlington, VA"
Quality Assurance Analyst,Booz Allen Hamilton,"Arlington, VA"
QA Engineer with Security Clearance,ClearanceJobs,"Arlington, VA"
QA Analyst,Dice,"Arlington, VA"
QA Analyst,"LanceSoft, Inc.","Arlington, VA"
Software Tester/Automation Tester,"Seygen, Inc.","Arlington, VA"
QA Analyst,"Software Guidance & Assistance, Inc. (SGA, Inc.)","Arlington, VA"
QA Analyst,"TSR Consulting Services, Inc","Arlington, VA"
Software Quality Assurance Engineer and Tester,CACI International Inc,"Ashburn, VA"
Software Quality Assurance Engineer and Tester with Security Clearance,ClearanceJobs,"Ashburn, VA"
Automation QA Tester,TechFetch.com - On Demand Tech Workforce hiring platform,"Ashburn, VA"
Automation QA Tester,TechFetch.com - On Demand Tech Workforce hiring platform,"Ashburn, VA"
Quality Assurance Engineer,Brooksource,Atlanta Metropolitan Area
QA Tester,AR Systems Inc..,"Atlanta, GA"
QA Tester,AR Systems Inc..,"Atlanta, GA"
Associate Automation QA Tester,"Agile Resources, Inc.","Atlanta, GA"
QA Engineer,"Alvaria, Inc.","Atlanta, GA"
Quality Assurance Analyst,Apex Systems,"Atlanta, GA"
QA Engineer,Cardlytics,"Atlanta, GA"
QA Automation Analyst,Cognizant,"Atlanta, GA"
QA Analyst,Cognizant,"Atlanta, GA"
QA Analyst,Cognizant,"Atlanta, GA"
QA Automation Analyst,Cognizant,"Atlanta, GA"
QA Analyst,Cognizant,"Atlanta, GA"
QA Automation Tester,Cognizant,"Atlanta, GA"
QA Automation Analyst,Cognizant,"Atlanta, GA"
ETL Tester,Collabera Inc.,"Atlanta, GA"
ETL Tester,Collabera Inc.,"Atlanta, GA"
Quality Assurance Engineer,CorVel Corporation,"Atlanta, GA"
QA Analyst,Crescens Inc.,"Atlanta, GA"
QA Engineer (remote),"Daley And Associates, LLC.","Atlanta, GA"
WMS QA Tester,Dice,"Atlanta, GA"
QA Automation Tester,Dice,"Atlanta, GA"
WMS QA Tester,Dice,"Atlanta, GA"
QA Automation Tester,Dice,"Atlanta, GA"
QA Tester - Onsite Job in Atlanta,Dice,"Atlanta, GA"
Associate Automation QA Tester,Dice,"Atlanta, GA"
QA Analyst - Guidewire - work from home / remote,Expert Technical Solutions,"Atlanta, GA"
Quality Assurance Analyst,FINSYNC,"Atlanta, GA"
Quality Assurance Engineer,Granicus,"Atlanta, GA"
Quality Assurance Engineer,Granicus,"Atlanta, GA"
QA Engineer,HireArt,"Atlanta, GA"
Software QA Tester - CC&B Implementation,IT Firm,"Atlanta, GA"
QA Tester,Intellisoft Technologies,"Atlanta, GA"
Quality Assurance Engineer,Juvare,"Atlanta, GA"
Quality Assurance Engineer,LeaseQuery,"Atlanta, GA"
Quality Assurance Engineer,Newell Brands,"Atlanta, GA"
QA Engineer,Popmenu,"Atlanta, GA"
QA Engineer,QGenda,"Atlanta, GA"
QA Engineer,Salesloft,"Atlanta, GA"
Quality Assurance Engineer - Consumer Goods,The Home Depot,"Atlanta, GA"
Quality Assurance Engineer - Consumer Goods,The Home Depot,"Atlanta, GA"
Tester III - Software Testing,UST,"Atlanta, GA"
Tester III - Software Testing,UST,"Atlanta, GA"
Tester III - Software Testing,UST,"Atlanta, GA"
BA/QA Engineer,Variant,"Atlanta, GA"
BA/QA Engineer,Variant,"Atlanta, GA"
Connected Services Software Tester,Dice,"Auburn Hills, MI"
Connected Services Software Tester,Dice,"Auburn Hills, MI"
Connected Services Software Tester,FastTek Global,"Auburn Hills, MI"
Mobile QA Engineer,Hi Tech,"Austin, TX"
Quality Assurance Engineer,Prelude Dynamics,"Austin, TX"
QA Engineer,Aetos LLC,"Austin, TX"
Software Quality Assurance Tester,"Allied Consultants, Inc.","Austin, TX"
Engineering (Non IT) and Research - QA Design Compliance Engineer,COGENT Infotech,"Austin, TX"
Software Quality Assurance Tester,"Chandra Technologies, Inc","Austin, TX"
Software Quality Assurance Tester,"Chandra Technologies, Inc","Austin, TX"
Automated QA Engineer,"Chandra Technologies, Inc","Austin, TX"
Quality Assurance Engineer,CorVel Corporation,"Austin, TX"
Software Quality Assurance Tester,Dice,"Austin, TX"
Software Quality Assurance Tester,Dice,"Austin, TX"
Automated QA Engineer,Dice,"Austin, TX"
QA Engineer Automated,Dice,"Austin, TX"
QA Tester,Dice,"Austin, TX"
Automated QA Engineer,Dice,"Austin, TX"
ETL Data QA Tester,Dice,"Austin, TX"
Automation QA Engineer-Healthcare Remote & in Austin TX,Dice,"Austin, TX"
Manual Quality Assurance Engineer,Digital Turbine,"Austin, TX"
QA Engineer IV,Everi Holdings Inc.,"Austin, TX"
QA Engineer IV,Everi Holdings Inc.,"Austin, TX"
QA Tester,Genuent,"Austin, TX"
QA Engineer,HireArt,"Austin, TX"
QA Engineer Automated 3,"LanceSoft, Inc.","Austin, TX"
QA Engineer Automated 3,"LanceSoft, Inc.","Austin, TX"
QA Engineer Automated 3,"LanceSoft, Inc.","Austin, TX"
QA Automation Tester,PamTen Inc,"Austin, TX"
QA Engineer,PlanIT Group LLC,"Austin, TX"
"French and Chinese Localization QA Testers - Austin, TX",RWS Group,"Austin, TX"
"Localization QA Tester - Austin, TX",RWS Group,"Austin, TX"
"QA Engineer, Cards",Red Ventures,"Austin, TX"
"QA Engineer, Cards",Red Ventures,"Austin, TX"
"QA Engineer, Cards",Red Ventures,"Austin, TX"
QA Engineer,SciPlay,"Austin, TX"
Quality Assurance Engineer - Remote,Staples Stores,"Austin, TX"
Senior QA Tester,dcSpark,"Austin, TX"
QUALITY ASSURANCE ENGINEER,eDist,"Austin, TX"
Quality Assurance Engineer,iotaMotion,"Austin, TX"
Quality Assurance Analyst,CGI,"Baltimore, MD"
Quality Assurance Engineer,Granicus,"Baltimore, MD"
Quality Assurance Engineer,Granicus,"Baltimore, MD"
Enterprise Software Quality Assurance Tester II,"RJG, Inc.","Barlow, KY"
Quality Assurance Engineer,Granicus,"Baton Rouge, LA"
Quality Assurance Engineer,Granicus,"Baton Rouge, LA"
Senior Identity and Access Management QA Engineer,Nike,"Beaverton, OR"
Senior Identity and Access Management QA Engineer,Nike,"Beaverton, OR"
QA Engineer (SDET) â€“ UNANNOUNCED PROJECT,Bungie,"Bellevue, WA"
QA Engineer (SDET) â€“ UNANNOUNCED PROJECT,Bungie,"Bellevue, WA"
"QA /Software Development Engineer, eCommerce",Samsung Electronics America,"Bellevue, WA"
"QA /Software Development Engineer, eCommerce",Samsung Electronics America,"Bellevue, WA"
Tester I - Software Testing,UST,"Bellevue, WA"
Tester I - Software Testing,UST,"Bellevue, WA"
QA Analyst 3-ProdDev,Oracle,"Belmont, CA"
QA Analyst 3-ProdDev,Oracle,"Belmont, CA"
QA Engineer,Dice,"Beloit, WI"
QA Engineer,Genesis10,"Beloit, WI"
QA Engineer- Sports and iGaming,parx casino,"Bensalem, PA"
QA Engineer,Movista,"Bentonville, AR"
QA Analyst,LATICRETE International,"Bethany, CT"
QA Engineer (Remote),"Teaching Strategies, LLC","Bethesda, MD"
Software Developer Tester,Varen Technologies,"Bethesda, MD"
Quality Assurance Analyst-Automated,"AutoTec, LLC","Birmingham, AL"
Senior QA Automation Tester- Location Open with Security Clearance,ClearanceJobs,"Birmingham, AL"
Quality Assurance Analyst - Data,Kemper,"Birmingham, AL"
Quality Assurance Analyst - Data,Kemper,"Birmingham, AL"
QA Automation Tester,Open Systems Technologies,"Bloomington, MN"
QA Automation Tester,Open Systems Technologies,"Bloomington, MN"
Sr QA Tester,Dice,"Blue Ash, OH"
QA Engineer,FlexShopper,"Boca Raton, FL"
Quality Assurance / Quality Control Analyst,GRUBBRRÂ®,"Boca Raton, FL"
Manual QA Tester,Ledgent Technology,"Boca Raton, FL"
Manual QA Tester,Ledgent Technology,"Boca Raton, FL"
QA Analyst,On Cue Hire,"Boca Raton, FL"
QA Analyst,On Cue Hire,"Boca Raton, FL"
Manual Quality Assurance Tester,Robert Half,"Boca Raton, FL"
QA Engineer,Zeta Global,"Boca Raton, FL"
QA Engineer,Zeta Global,"Boca Raton, FL"
QA Engineer,AI Fund,"Boston, MA"
QA Engineer,Amwell,"Boston, MA"
QA Engineer,Boston Digital,"Boston, MA"
ETL Tester,Collabera Inc.,"Boston, MA"
Entry level QA Engineer / Tester,Core Software Technologies Inc,"Boston, MA"
Entry level QA Engineer / Tester,Core Software Technologies Inc,"Boston, MA"
Robotics QA Tester,Dandy Technology,"Boston, MA"
QA Engineer II - Datto Continuity for MS Azure,"Datto, Inc.","Boston, MA"
QA Engineer II - Datto Continuity for MS Azure,"Datto, Inc.","Boston, MA"
Quality Assurance Automation Tester,Dice,"Boston, MA"
POS QA Tester,Dice,"Boston, MA"
Quality Assurance Tester,Experfy,"Boston, MA"
Quality Assurance Engineer,Granicus,"Boston, MA"
Quality Assurance Engineer,Granicus,"Boston, MA"
Quality Assurance Engineer,Horizontal Talent,"Boston, MA"
QA Engineer - Public Sector,Iron Mountain,"Boston, MA"
QA/Release Engineer,Magnite,"Boston, MA"
QA Engineer,Mojito,"Boston, MA"
Meteorology QA Engineer,Tomorrow.io,"Boston, MA"
QA Engineer,Woebot Health,"Boston, MA"
Manual Software Tester,CE Broker,"Boulder, CO"
Manual Software Tester,CE Broker,"Boulder, CO"
Quality Product Assurance Engineer,FIRST RF Corporation,"Boulder, CO"
"Data QA Engineer, Pipeline (498)",Techstars,"Boulder, CO"
QA Tester,RX2 Solutions,"Boyertown, PA"
QA Engineer (Quality Assurance),"Vertex Global Solutions, Inc.","Braintree, MA"
QA Engineer,haku,"Brickell Village, FL"
#3087 - QA Engineer - Sector,Qualitest,"Bridgewater Township, NJ"
QA Analyst,System One,"Broken Arrow, OK"
QA Manual Tester,Overpass,"Brooklyn, NY"
Quality Assurance Engineer,"Arrow International, Inc.","Brooklyn, OH"
QA Engineer,SmartEtailing,"Broomfield, CO"
QA/Controls Engineer,"Yaskawa America, Inc. - Drives & Motion Division","Buffalo Grove, IL"
Prd/Mfg/QA Engineer C,"Yaskawa America, Inc. - Drives & Motion Division","Buffalo Grove, IL"
Backend QA Engineer,Gemini,Buffalo-Niagara Falls Area
QA Engineer,Deluxe,"Burbank, CA"
QA Analyst,Jam City,"Burbank, CA"
QA Analyst,Jam City,"Burbank, CA"
Quality Assurance Tester,Paramount,"Burbank, CA"
Quality Assurance Tester,Paramount,"Burbank, CA"
QA Manual Tester-Connectivity,Dice,"Burlingame, CA"
QA Manual Tester - Connectivity,Midas Consulting,"Burlingame, CA"
QA Manual Tester Connectivity,Midas Consulting,"Burlingame, CA"
QA Tester,VDart,"Burlingame, CA"
QA Manual Tester,Vimerse InfoTech Inc,"Burlingame, CA"
Salesforce Quality Assurance Analyst,CGI,"Burlington, MA"
Salesforce Quality Assurance Analyst,CGI,"Burlington, MA"
Salesforce Quality Assurance Analyst,CGI,"Burlington, MA"
QA Analyst 3-ProdDev,Oracle,"Burlington, MA"
QA Analyst 3-ProdDev,Oracle,"Burlington, MA"
QC/QA Lab Engineer,Entegris,"Burnet, TX"
Lead Game QA Tester,BioSpace," , CA"
Game QA Tester,BioSpace," , CA"
QA Engineer,Two Labs," , CA"
QA Engineer I (Remote),WarnerMedia," , CA"
Machine Learning QA Engineer,Iterative Scopes,"Cambridge, MA"
QA Engineer (Web applications),"KBR, Inc.","Cambridge, MA"
Quality Assurance Tester Co-op,Retail Business Services,"Carlisle, PA"
QA Engineer,Sanmina,"Carrollton, TX"
QA Engineer,Sanmina,"Carrollton, TX"
Salesforce |CRM/CPQ - QA Tester,CommerceCX,"Cary, NC"
Salesforce |CRM/CPQ - QA Tester,CommerceCX,"Cary, NC"
"Software Tester, Unreal Engine",Epic Games,"Cary, NC"
Software Tester/Technician,ICONMA,"Cedar Falls, IA"
Software Tester/Technician,ICONMA,"Cedar Falls, IA"
Quality Assurance Engineer I,IntePros,"Centennial, CO"
Quality Assurance Engineer I,IntePros,"Centennial, CO"
Quality Assurance Engineer I,IntePros,"Centennial, CO"
Quality Assurance Engineer I,IntePros,"Centennial, CO"
Quality Assurance Engineer - Medical Devices,CyberCoders,"Cerritos, CA"
Solutions QA Engineer,Riverbed Technology,"Champaign, IL"
Quality Assurance Engineer with Security Clearance,ClearanceJobs,"Chantilly, VA"
Software Application Tester,ManTech,"Chantilly, VA"
Software Application Tester,ManTech,"Chantilly, VA"
Software Application Tester,ManTech,"Chantilly, VA"
Software Application Tester,ManTech,"Chantilly, VA"
Software Application Tester,ManTech,"Chantilly, VA"
Software Application Tester,ManTech,"Chantilly, VA"
Software Application Tester,ManTech,"Chantilly, VA"
Software Application Tester,ManTech,"Chantilly, VA"
Software Application Tester,ManTech,"Chantilly, VA"
Software Application Tester,ManTech,"Chantilly, VA"
Automated Test Engineer/QA Engineer (736),SMX,"Chantilly, VA"
Automated Test Engineer/QA Engineer (736),SMX,"Chantilly, VA"
Quality Assurance Analyst,StaffQuest LLC,Charlotte Metro
CreditCenter Platform UAT Tester,Bank of America,"Charlotte, NC"
CreditCenter Platform UAT Tester,Bank of America,"Charlotte, NC"
CreditCenter Platform UAT Tester,Bank of America,"Charlotte, NC"
QA Analyst - Manual,Collabera Inc.,"Charlotte, NC"
Quality Assurance Analyst (QA Analyst),Collabera Inc.,"Charlotte, NC"
Quality Assurance Analyst (QA Analyst),Collabera Inc.,"Charlotte, NC"
QA Analyst - Manual,Collabera Inc.,"Charlotte, NC"
Quality Assurance Engineer,Collabera Inc.,"Charlotte, NC"
Quality Assurance Engineer,CorVel Corporation,"Charlotte, NC"
MOBILE SDET / MOBILE TESTER,Dice,"Charlotte, NC"
MOBILE SDET / MOBILE TESTER,Dice,"Charlotte, NC"
QA Analyst,Dice,"Charlotte, NC"
Quality Assurance Engineer,Experis,"Charlotte, NC"
QA Engineer,Genesis10,"Charlotte, NC"
QA Engineer,Genesis10,"Charlotte, NC"
Quality Assurance Engineer,Genesis10,"Charlotte, NC"
UAT Tester with nCino Experience(Only W2),"IDC Technologies, Inc.","Charlotte, NC"
QA Analyst - Manual Testing,Jobot,"Charlotte, NC"
Database Tester / ETL Tester,TalentBridge,"Charlotte, NC"
Database Tester / ETL Tester,TalentBridge,"Charlotte, NC"
Quality Assurance Engineer,Tech Talent South,"Charlotte, NC"
Software Tester QA,Xytech Systems,"Chatsworth, CA"
QA Post-Market Engineer,ZOLL Medical Corporation,"Chelmsford, MA"
QA Post-Market Engineer,ZOLL Medical Corporation,"Chelmsford, MA"
Wi-Fi QA Engineer (Remote US or Canada),Cisco Meraki,"Chicago, IL"
Wi-Fi QA Engineer (Remote US or Canada),Cisco Meraki,"Chicago, IL"
Healthcare QA tester,Cognizant,"Chicago, IL"
QA Engineer,CoinFlip,"Chicago, IL"
QA Engineer,CoinFlip,"Chicago, IL"
Quality Assurance Tester (QA Tester),Collabera Inc.,"Chicago, IL"
Software QA Tester,Coyote Logistics,"Chicago, IL"
QA Engineer,Everi Holdings Inc.,"Chicago, IL"
Manual Quality Assurance Engineer,First Stop Health,"Chicago, IL"
Frontend QA Engineer,Gemini,"Chicago, IL"
Backend QA Engineer,Gemini,"Chicago, IL"
Quality Assurance Engineer,Granicus,"Chicago, IL"
Quality Assurance Engineer,Granicus,"Chicago, IL"
Big Data / ETL Testers,HR Pundits Inc,"Chicago, IL"
QA Engineer,HireArt,"Chicago, IL"
QA Tester,Horizontal Talent,"Chicago, IL"
QA Engineer (Remote),Mode Mobile,"Chicago, IL"
Quality Assurance ( QA ) Analyst (Remote/Hybrid),NextCapital,"Chicago, IL"
Engineering Quality Assurance Analyst,Oak Street Health,"Chicago, IL"
Engineering Quality Assurance Analyst,Oak Street Health,"Chicago, IL"
QA Associate/Analyst,PeopleCaddie,"Chicago, IL"
QA Engineer-Automated,PeopleCaddie,"Chicago, IL"
Quality Assurance Analyst,Provi,"Chicago, IL"
Math Quality Assurance Engineer,Scientific Games,"Chicago, IL"
Math Quality Assurance Engineer,Scientific Games,"Chicago, IL"
Math Quality Assurance Engineer,Scientific Games,"Chicago, IL"
Quality Assurance Engineer III,Scientific Search,"Chicago, IL"
Quality Assurance Engineer III,Scientific Search,"Chicago, IL"
QA Engineer - Tock (Remote),Squarespace,"Chicago, IL"
QA Engineer - Tock,Squarespace,"Chicago, IL"
Automated QA Engineer,The Mom Project,"Chicago, IL"
Automated QA Engineer,The Mom Project,"Chicago, IL"
QA Engineer,choreograph,"Chicago, IL"
ETL Tester,eTeam,"Chicago, IL"
QA Engineer,Net2Source Inc.,"Cincinnati, OH"
Automated QA Engineer,The Mom Project,"Cincinnati, OH"
Quality Assurance Engineer,CorVel Corporation,"Cleveland, OH"
Quality Assurance Engineer - Government and Public Sector,EY,"Cleveland, OH"
Quality Assurance Engineer - Government and Public Sector,EY,"Cleveland, OH"
Quality Assurance Engineer I,MRI Software,"Cleveland, OH"
Quality Assurance Engineer I,MRI Software,"Cleveland, OH"
QA Engineer (Test Automation),MRI Software,"Cleveland, OH"
Automated QA Engineer,The Mom Project,"Cleveland, OH"
Quality Assurance Engineer,Hayward Tyler,"Colchester, VT"
QA Analyst,Azzur Group,"College Station, TX"
QA Engineer,DISYS,"Columbia, MD"
Quality Assurance Engineer - Columbia,Veterans United Home Loans,"Columbia, MO"
Quality Assurance Engineer (MetaMask Snaps),ConsenSys,"Columbia, SC"
Quality Assurance Engineer,Granicus,"Columbia, SC"
Medicaid Quality Assurance Analyst,Intellectual Capitol (ICAP),"Columbia, SC"
Quality Assurance Engineer,Pratt & Whitney,"Columbus, GA"
Quality Assurance Engineer,Raytheon Technologies,"Columbus, GA"
OmegaFi - Quality Assurance Analyst (Open to Remote),Togetherwork,"Columbus, GA"
Customer Experience - Quality Assurance Engineer,ComResource,"Columbus, OH"
Customer Experience - Quality Assurance Engineer,ComResource,"Columbus, OH"
QA JAVA Tester,Dice,"Columbus, OH"
QA JAVA Tester,Dice,"Columbus, OH"
Quality Assurance Engineer,Granicus,"Columbus, OH"
Quality Assurance Engineer,Granicus,"Columbus, OH"
"Engineer IV, QA Validation",Hikma Pharmaceuticals,"Columbus, OH"
QA Tester,MSys Inc.,"Columbus, OH"
QA Analyst,Nesco Resource,"Columbus, OH"
QA Engineer Lu2783,Nisum,"Columbus, OH"
QA Engineer Lu2783,Nisum,"Columbus, OH"
Quality Assurance Tester,Robert Half,"Columbus, OH"
QA Engineer (AP),impact.com,"Columbus, OH"
QA Engineer (Data Platform),impact.com,"Columbus, OH"
QA Engineer (AP),impact.com,"Columbus, OH"
QA Engineer (Data Platform),impact.com,"Columbus, OH"
Quality Assurance Engineer,"Echelle Resources, Inc.","Columbus, Ohio Metropolitan Area"
Quality Assurance Engineer,PL Developments,"Copiague, NY"
QA Analyst 4,TEKsystems,"Costa Mesa, CA"
Quality Assurance Engineer,Fidelity Investments,"Covington, KY"
Quality Assurance Engineer,Fidelity Investments,"Covington, KY"
QA Engineer,PLS Logistics Services,"Cranberry Township, PA"
QA Engineer (Automation) II,"Pinnacle Group, Inc.","Cupertino, CA"
QA Engineer (Automation) II,"Pinnacle Group, Inc.","Cupertino, CA"
QA Engineer (Automation) II,"Pinnacle Group, Inc.","Cupertino, CA"
Simplified Chinese Localization QA Tester / Proofreader,Welocalize,"Cupertino, CA"
Quality Assurance Engineer,Arcade,"Dallas, TX"
QA Automation Tester,Cognizant,"Dallas, TX"
Quality Assurance Engineer,CorVel Corporation,"Dallas, TX"
WMS QA Tester,Dice,"Dallas, TX"
Quality Assurance (QA) Analyst,Dice,"Dallas, TX"
WMS QA Tester,Dice,"Dallas, TX"
QA Analyst - Digital Transformation,Dice,"Dallas, TX"
Quality Assurance (QA) Analyst,Dice,"Dallas, TX"
Quality Assurance Engineer,Granicus,"Dallas, TX"
Quality Assurance Engineer,Granicus,"Dallas, TX"
ETL Tester,Hitachi Vantara,"Dallas, TX"
QA ANALYST II,ION,"Dallas, TX"
QA ANALYST II,ION,"Dallas, TX"
"Quality Assurance Engineer, Government",One Network Enterprises,"Dallas, TX"
"Quality Assurance Engineer, Government",One Network Enterprises,"Dallas, TX"
"Quality Assurance Engineer, Government",One Network Enterprises,"Dallas, TX"
Quality Assurance Engineer (Onsite),Raytheon Intelligence & Space,"Dallas, TX"
Quality Assurance Engineer (Onsite),Raytheon Technologies,"Dallas, TX"
QA Engineer,Robert Half,"Dallas, TX"
QA Engineer (Remote),"Teaching Strategies, LLC","Dallas, TX"
QA Analyst - Digital Transformation,Themesoft Inc.,"Dallas, TX"
QA Analyst,Odyssey Logistics & Technology Corporation,"Danbury, CT"
Quality Assurance Engineer II,Teva Pharmaceuticals,"Davie, FL"
Quality Assurance Engineer II,Teva Pharmaceuticals,"Davie, FL"
Software QA Tester,"Stellar Innovations & Solutions, Inc.","Dayton, OH"
Quality Assurance Analyst,Winsupply,"Dayton, OH"
Remote Quality Assurance Analyst,"CONNECT, powered by American Family Insurance","De Pere, WI"
Quality Inspector (QA Tester)-$1000 Hiring Incentive,PDQ Manufacturing,"De Pere, WI"
QA Analyst 2-ProdDev,Oracle,"Deerfield, IL"
QA Analyst 2-ProdDev,Oracle,"Deerfield, IL"
QA Engineer,AgentSync,"Denver, CO"
QA Engineer,AgentSync,"Denver, CO"
QA Tester,Aureus Tech Systems,"Denver, CO"
Manual QA Engineer,Compri Consulting,"Denver, CO"
Quality Assurance Engineer- Automation tester,Compri Consulting,"Denver, CO"
Mobile QA Engineer,DISH Network,"Denver, CO"
Mobile QA Engineer,DISH Network,"Denver, CO"
Manual QA Engineers,Dice,"Denver, CO"
Manual QA Engineers,Dice,"Denver, CO"
QA WiFi Tech Analyst,Excelacom,"Denver, CO"
QA WiFi Tech Analyst,Excelacom,"Denver, CO"
QA WiFi Tech Analyst,Excelacom,"Denver, CO"
Quality Assurance Engineer,Granicus,"Denver, CO"
Quality Assurance Engineer,Granicus,"Denver, CO"
"Quality Assurance Analyst (SDET, Automated, Java, Python) III",IntePros,"Denver, CO"
QA Engineer,"V-Soft Consulting Group, Inc.","Denver, CO"
QA Engineer,"V-Soft Consulting Group, Inc.","Denver, CO"
UAT Tester Web/Mobile,Vertex IT Service,"Denver, CO"
QA Tester,Dice,"Des Moines, IA"
Quality Assurance Engineer,Granicus,"Des Moines, IA"
Quality Assurance Engineer,Granicus,"Des Moines, IA"
Quality Assurance Tester / Automation Engineer (PERM FTE),Robert Half,"Des Moines, IA"
Quality Assurance Engineer,Plitek,"Des Plaines, IL"
CONTRACT: Quality Assurance Automation Tester IV,AccruePartners,"Detroit, MI"
(IoT) QA Engineer - SO # 46327034,Diverse Lynx,"Detroit, MI"
Quality Assurance Engineer,Granicus,"Detroit, MI"
Quality Assurance Engineer,Granicus,"Detroit, MI"
QA Engineer,TechDigital,"Detroit, MI"
Automated QA Engineer,The Mom Project,"Detroit, MI"
QA Engineer,Trident Consulting,"Detroit, MI"
Software Tester,"WisEngineering, LLC","Dover, NJ"
Mid-level QA Tester (Manual and some Automation experience),ConsultNet,"Draper, UT"
Mid-level QA Tester (Manual and some Automation experience),Dice,"Draper, UT"
QA Analyst,CHG Healthcare,"Durham, NC"
ETL Tester,Dice,"Durham, NC"
Manual Quality Assurance Engineer,Digital Turbine,"Durham, NC"
QA Automation Tester / Tosca Developer,Solomons International,"Durham, NC"
QA Automation Tester / Tosca Developer,Solomons International,"Durham, NC"
Quality Assurance Engineer,NEED PERSONNEL PLACEMENT,"East Falmouth, MA"
Quality Assurance Engineer II,IDEMIA,"East Rancho Dominguez, CA"
Quality Assurance Engineer II,IDEMIA,"East Rancho Dominguez, CA"
QA Engineer,Avance Consulting,"Eaton, OH"
Quality Assurance Analyst - Remote (1938),Amyris,"Emeryville, CA"
Quality Assurance Analyst,MGMA,"Englewood, CO"
QA Engineer (Remote),Covetrus,Erie-Meadville Area
Quality Assurance Engineer I - VIE,IDEMIA,"Exton, PA"
Quality Assurance Engineer I - VIE,IDEMIA,"Exton, PA"
Agile QA Tester,Eliassen Group,"Fairfield, OH"
QA Engineer- FinTech (KJ),Dice,"Fairfield, PA"
QA Engineer- FinTech (KJ),Dice,"Fairfield, PA"
QA Tester,V2Soft,"Farmington Hills, MI"
Quality Assurance Engineer,Semtech,"Federal Heights, CO"
Quality Assurance Engineer,Semtech,"Federal Heights, CO"
Quality Assurance Analyst (Manual),"The Computer Merchant, LTD (TCM)","Fort Lauderdale, FL"
Quality Assurance Analyst (Manual),"The Computer Merchant, LTD (TCM)","Fort Lauderdale, FL"
"Software Tester, SAP Human Resource Software, Secret Clearance with Security Clearance",ClearanceJobs,"Fort Lee, VA"
Quality Assurance Engineer (Manual Testing) with Security Clearance,ClearanceJobs,"Fort Meade, MD"
Quality Assurance Engineer (Manual Testing) with Security Clearance,ClearanceJobs,"Fort Meade, MD"
Quality Assurance Engineer (Manual Testing),ManTech,"Fort Meade, MD"
Quality Assurance Engineer (Manual Testing),ManTech,"Fort Meade, MD"
Quality Assurance Engineer (Manual Testing),ManTech,"Fort Meade, MD"
Quality Assurance Engineer (Manual Testing),ManTech,"Fort Meade, MD"
"Web QA Engineer Full-Time, Hybrid Location (Onsite + Remote)",Sweetwater,"Fort Wayne, IN"
Web QA Analyst - No Sponsorship - Remote,Allied Electronics & Automation,"Fort Worth, TX"
Quality Assurance Engineer,Granicus,"Fort Worth, TX"
Quality Assurance Engineer,Granicus,"Fort Worth, TX"
Quality Assurance and Release Engineer,InnovA Technologies,"Fort Worth, TX"
Quality Assurance and Release Engineer,InnovA Technologies,"Fort Worth, TX"
Quality Assurance Engineer (Level 2),Lockheed Martin,"Fort Worth, TX"
Quality Assurance Engineer (Level 2),Lockheed Martin,"Fort Worth, TX"
Quality Assurance and Release Engineer,"Wilks Brothers, LLC","Fort Worth, TX"
Scanner QA Engineer,Qualys,"Foster City, CA"
Scanner QA Engineer,Qualys,"Foster City, CA"
Software Quality Assurance Tester,ConnectPay Payroll Services,"Foxborough (Foxboro), MA"
Quality Assurance Engineer,"Pro-Tech Staffing Services, Inc.","Fremont, CA"
Automation QA Engineer,Assurant,"Georgia, "
Quality Assurance Engineer,ESO,"Georgia, "
QA Engineer,WarnerMedia,"Georgia, "
DevOps QA Engineer,VIAVI Solutions,"Germantown, MD"
Quality Assurance Engineer,Dine Brands Global,"Glendale, CA"
Quality Assurance Engineer,Dine Brands Global,"Glendale, CA"
QA Tester,"iSpace, Inc.","Glendale, CA"
Quality Assurance Engineer,"DME Forensics, A Magnet Forensics Company","Golden, CO"
Quality Assurance Engineer I,"CoorsTek, Inc.","Grand Junction, CO"
"Quality Assurance Engineer Associate - Dallas, TX with Security Clearance",ClearanceJobs,"Grand Prairie, TX"
"Quality Assurance Engineer Associate - Dallas, TX with Security Clearance",ClearanceJobs,"Grand Prairie, TX"
"Quality Assurance Engineer Associate - Dallas, TX with Security Clearance",ClearanceJobs,"Grand Prairie, TX"
"Quality Assurance Engineer Associate - Dallas, TX",Lockheed Martin,"Grand Prairie, TX"
Software Tester,Dice,"Grand Rapids, MI"
Software Quality Assurance Tester,Dice,"Grand Rapids, MI"
Software Tester,Dice,"Grand Rapids, MI"
Software Developer Tester /SDET,Dice,"Grand Rapids, MI"
Software Tester,Kforce Inc,"Grand Rapids, MI"
QA Tester,UZIO,"Greater Florence-Muscle Shoals, Alabama Area"
Quality Assurance Engineer,Insight Global,Greater Phoenix Area
Software Quality Assurance Tester,Intercard Inc.,Greater St. Louis
QA Tester,Apex Systems,"Greensboro, NC"
QA Engineer III,Arch Mortgage Insurance Company (Arch MI),"Greensboro, NC"
QA Engineer III,Arch Mortgage Insurance Company (Arch MI),"Greensboro, NC"
QA Tester,Dice,"Greensboro, NC"
QA / Quality Analyst / Manual or Automation,Dice,"Greenwood Village, CO"
QA Tester,TechDigital,"Greenwood Village, CO"
Software Quality Assurance Engineer and Tester,ManTech,"Hanover, MD"
Software Quality Assurance Tester,"4Consulting, Inc.","Harrisburg, PA"
QA Tester,Crescens Inc.,"Harrisburg, PA"
Quality Assurance Engineer,Granicus,"Harrisburg, PA"
ETL Tester,Cognizant,"Hartford, CT"
ETL Tester,Cognizant,"Hartford, CT"
Healthcare QA tester,Cognizant,"Hartford, CT"
Salesforce QA Tester,Cognizant,"Hartford, CT"
Salesforce QA Tester,Cognizant,"Hartford, CT"
"QA Tester./Hartford , CT, 6+ Months",Suncap Technology,"Hartford, CT"
QUALITY ASSURANCE ENGINEER,"Berry Global, Inc.","Hattiesburg, MS"
Associate Software Tester with Security Clearance,ClearanceJobs,"Hazelwood, MO"
Associate Software Tester with Security Clearance,ClearanceJobs,"Hazelwood, MO"
Quality Assurance Engineer,Incendia Partners,"High Bridge, NJ"
Quality Assurance Engineer,Incendia Partners,"High Bridge, NJ"
Quality Assurance Engineer I,"CoorsTek, Inc.","Hillsboro, OR"
ETL Tester,Expedite Technology Solutions LLC,"Hillsboro, OR"
QA Engineer,E2open,"Holland, MI"
QA Engineer,E2open,"Holland, MI"
Jr QA Engineer,eoStar,"Holland, MI"
Quality Assurance Engineer,MBS Highway,"Holmdel, NJ"
Quality Assurance Analyst,Discover Financial Services,"Home Park, Illinois, "
Senior Software QA Tester,"Criterion Executive Search, Inc.","Home, KS"
QA Analyst,Cognizant,"Hopkins, MN"
QA Engineer,Genesis10,"Hopkins, MN"
QA Engineer,Genesis10,"Hopkins, MN"
Quality Assurance Analyst,Lightbeam Health Solutions,"Horsham, PA"
Software Quality Assurance Tester,Actalent,"Houston, TX"
Software Quality Assurance Tester,Actalent,"Houston, TX"
Software Quality Assurance Tester,Actalent,"Houston, TX"
Software Quality Assurance Tester,Actalent,"Houston, TX"
QA Software Tester (51000243),DXC Technology,"Houston, TX"
QA Software Tester (51000243),DXC Technology,"Houston, TX"
UAT Tester,Dice,"Houston, TX"
UAT Tester,Dice,"Houston, TX"
Quality Assurance Engineer,Granicus,"Houston, TX"
QA Analyst,Robert Half,"Houston, TX"
QA Tester: Regression Testing,Smith & Associates,"Houston, TX"
QA Engineer,Strategic Employment Partners (SEP),"Houston, TX"
QA Engineer,Strategic Employment Partners (SEP),"Houston, TX"
Quality Assurance Engineer II,T.D. Williamson,"Houston, TX"
Quality Assurance Engineer - Associate,Umbrage,"Houston, TX"
Quality Assurance Analyst II,cPanel,"Houston, TX"
Quality Assurance Analyst,Sinclair Broadcast Group,"Hunt Valley, MD"
QA Software Engineer,[C!NDER],"Huntington, IN"
Systems/Software Testers - HOSC IV&V with Security Clearance,ClearanceJobs,"Huntsville, AL"
Software Tester,SAIC,"Huntsville, AL"
Junior Software Tester,SAIC,"Huntsville, AL"
Software Tester,SAIC,"Huntsville, AL"
Junior Software Tester,SAIC,"Huntsville, AL"
Systems/Software Testers - HOSC IV&V,Sentar Inc.,"Huntsville, AL"
Software Engineer/Tester,Sentar Inc.,"Huntsville, AL"
Systems/Software Testers - HOSC IV&V,Sentar Inc.,"Huntsville, AL"
QA Analyst 3-ProdDev,Oracle,"Illinois, "
QA Analyst 3-ProdDev,Oracle,"Illinois, "
QA Engineer II - Sutures,Arthrex,"Immokalee, FL"
QA Engineer II - Sutures,Arthrex,"Immokalee, FL"
QA Engineer II - Sutures,Arthrex,"Immokalee, FL"
QA Engineer,bitgrit Inc.,"Independence, KS"
QA Engineer,bitgrit Inc.,"Independence, KS"
Remote Lead Automation QA Tester,Dice,"Indianapolis, IN"
Digital Health Solution Delivery Quality Assurance Engineer,Eli Lilly and Company,"Indianapolis, IN"
Quality Assurance Engineer,Granicus,"Indianapolis, IN"
Quality Assurance Engineer (Oracle EBS),LeadStack Inc.,"Indianapolis, IN"
Quality Assurance Engineer,Textron Aviation,"Indianapolis, IN"
Quality Assurance Engineer II,EMC Insurance Companies,"Iowa, "
QA Engineer,Avetta,"Irvine, CA"
Data Science QA Tester III - Remote,Black Knight,"Irvine, CA"
QA Engineer/Analyst with Security Clearance,ClearanceJobs,"Irvine, CA"
Quality Assurance Engineer,Linksys,"Irvine, CA"
Remote IT QA Software Tester (Automated & Manual Testing),National General,"Irvine, CA"
Quality Assurance Engineer,ROKA,"Irvine, CA"
QA Engineer (Remote),"Teaching Strategies, LLC","Irvine, CA"
ETL Tester,eTeam,"Irvine, CA"
QA Engineer(Devops),Cognizant,"Irving, TX"
QA Engineer(Devops),Cognizant,"Irving, TX"
QA Automation Tester,Collabera Inc.,"Irving, TX"
Quality Assurance Engineer II,Cottonwood Financial,"Irving, TX"
QA Automation Tester,Dice,"Irving, TX"
QA Engineers,Diverse Lynx,"Irving, TX"
QA Analyst,FleetPride,"Irving, TX"
Quality Assurance Analyst,Lightbeam Health Solutions,"Irving, TX"
QA - Software Quality Engineer,Dice,"Irwindale, CA"
Quality Assurance Engineer,Granicus,"Jackson, MI"
Quality Assurance Engineer,Granicus,"Jackson, MI"
Quality Assurance Analyst,Dice,"Jackson, MS"
Quality Assurance Analyst,Dice,"Jackson, MS"
Quality Assurance Analyst,Dice,"Jackson, MS"
Quality Assurance Analyst,Intellisoft Technologies,"Jackson, MS"
Quality Assurance Analyst,Intellisoft Technologies,"Jackson, MS"
Quality Assurance Analyst,System Soft Technologies,"Jackson, MS"
Quality Assurance Analyst,System Soft Technologies,"Jackson, MS"
Manual Software Tester,CE Broker,"Jacksonville Beach, FL"
Manual Software Tester,CE Broker,"Jacksonville Beach, FL"
Quality Assurance Analyst - Data,Kemper,"Jacksonville, FL"
Quality Assurance Analyst - Data,Kemper,"Jacksonville, FL"
Quality Assurance Analyst,RF-SMART,"Jacksonville, FL"
QA Engineer,SS&C Technologies,"Jacksonville, FL"
Sportsbook | QA Engineer iOS,Caesars Digital,"Jersey City, NJ"
Sportsbook | QA Engineer Android,Caesars Digital,"Jersey City, NJ"
Sportsbook | QA Engineer iOS,Caesars Digital,"Jersey City, NJ"
Sportsbook | QA Engineer Android,Caesars Digital,"Jersey City, NJ"
Sportsbook | QA Engineer Android,Caesars Digital,"Jersey City, NJ"
Sportsbook | QA Engineer Android,Caesars Digital,"Jersey City, NJ"
Quality Assurance Analyst (QA Analyst),Collabera Inc.,"Jersey City, NJ"
QA Tester - Senior (6-10 yrs),Procom,"Jersey City, NJ"
Quality Assurance Engineer,Dine Brands Global,"Kansas City, MO"
Quality Assurance Engineer,Granicus,"Kansas City, MO"
Mid Software Tester,Halvik,"Kansas City, MO"
Mid Software Tester,Halvik,"Kansas City, MO"
Quality Assurance Tester,SAIC,"Kansas City, MO"
Manual SQA Tester,TriCom Technical Services,"Kansas City, MO"
"QA Engineer, Mobile - (REMOTE)",eXp Realty,"Kansas City, MO"
Quality Assurance Engineer,Carrier,"Kennesaw, GA"
Quality Assurance Engineer,Pacific Propeller International,"Kent, WA"
E00909 - QA Tester,Recovery Centers of America,"King of Prussia, PA"
Quality Assurance Analyst/Tester,CGI,"Knoxville, TN"
Quality Assurance Engineer,CGI,"Knoxville, TN"
Quality Assurance Analyst/Tester,CGI,"Knoxville, TN"
Quality Assurance Engineer,CGI,"Knoxville, TN"
Quality Assurance Analyst/Tester,CGI,"Knoxville, TN"
Software Tester,SAIC,"La Plata, MD"
Software Tester,SAIC,"La Plata, MD"
Software Tester,Purdue Federal Credit Union,"Lafayette, Indiana Metropolitan Area"
AWS ETL Tester,CGI,"Lafayette, LA"
AWS ETL Tester,TalTeam,"Lafayette, LA"
QA Tester,Robert Half,"Lakeland, FL"
QA Engineer,Dice,"Lakeland, TN"
Quality Assurance Engineer,Actalent,"Lakewood, CO"
Quality Assurance Engineer,Actalent,"Lakewood, CO"
Manual/Automation QA Test Lead â€“ 3 openings,TechFetch.com - On Demand Tech Workforce hiring platform,"Lansdale, PA"
Manual QA Analyst - 8 openings,TechFetch.com - On Demand Tech Workforce hiring platform,"Lansdale, PA"
Software Tester,"DMI (Digital Management, LLC)","Lansing, MI"
Software Tester,"DMI (Digital Management, LLC)","Lansing, MI"
QA Localization Tester - German Language,2K Vegas,"Las Vegas, NV"
QA Tester - Video Games,2K Vegas,"Las Vegas, NV"
QA Localization Tester - Castilian Spanish Language,2K Vegas,"Las Vegas, NV"
Senior Quality Assurance Tester,2K Vegas,"Las Vegas, NV"
QA Localization Tester - Korean Language,2K Vegas,"Las Vegas, NV"
QA Analyst I,Credit One Bank,"Las Vegas, NV"
QA Analyst I,Credit One Bank,"Las Vegas, NV"
Quality Assurance Engineer II - FinTech (Las Vegas NV),Everi Holdings Inc.,"Las Vegas, NV"
Quality Assurance Engineer II - FinTech (Las Vegas NV),Everi Holdings Inc.,"Las Vegas, NV"
Quality Assurance Engineer,Granicus,"Las Vegas, NV"
Quality Assurance Engineer,Granicus,"Las Vegas, NV"
Quality Assurance Production Engineer,Scientific Games,"Las Vegas, NV"
Quality Assurance Production Engineer,Scientific Games,"Las Vegas, NV"
QA Analyst,Meritek Inc,"Lawrence, NJ"
Quality Assurance Engineer/Analyst,Dice,"Layton, UT"
QA Engineer 3/4/5 (Auto & Manual) Remote,Dice,"Lehi, UT"
QA Engineer,Vivint,"Lehi, UT"
QA Engineer,Vivint,"Lehi, UT"
QA Engineer II,Vivint,"Lehi, UT"
QA Engineer,Vivint,"Lehi, UT"
QA Engineer,Vivint,"Lehi, UT"
QA Engineer II,Vivint,"Lehi, UT"
Software Quality Assurance Analyst/Tester (Journeyman),MAG Aerospace,"Lexington Park, MD"
Software Quality Assurance Analyst/Tester (Journeyman),MAG Aerospace,"Lexington Park, MD"
Software Tester,"Spalding Consulting, Inc.","Lexington Park, MD"
Quality Control Assurance Engineer 1,General Dynamics Ordnance and Tactical Systems,"Lincoln, NE"
Quality Assurance Engineer,Hudl,"Lincoln, NE"
Quality Assurance Engineer,Granicus,"Little Rock, AR"
Software QA Tester,"US Ecology, Inc.","Livonia, MI"
Software Tester,Space Dynamics Laboratory,"Logan, UT"
Software Tester,Space Dynamics Laboratory,"Logan, UT"
Software Tester,Space Dynamics Laboratory,"Logan, UT"
QA Analyst,Egis,"London, OR"
QA Engineer,Modulr,"London, TX"
Quality Assurance Engineer,Longenecker & Associates,"Los Alamos, NM"
Quality Assurance Engineer 4,Staffing the Universe Family of Companies,"Los Alamos, NM"
Quality Assurance Engineer 4,Staffing the Universe Family of Companies,"Los Alamos, NM"
Quality Assurance Engineer,PerkinElmer Genomics,"Los Angeles County, CA"
QA Analyst,Blitz,Los Angeles Metropolitan Area
QA Analyst,AllVoices,"Los Angeles, CA"
Quality Assurance Analyst-Remote,Cart.com,"Los Angeles, CA"
QA Engineer,Centerfield,"Los Angeles, CA"
Frontend QA Engineer,Gemini,"Los Angeles, CA"
Quality Assurance Engineer,Granicus,"Los Angeles, CA"
QA/Release Engineer,Magnite,"Los Angeles, CA"
QA Analyst/Engineer,Moment House,"Los Angeles, CA"
Quality Assurance Engineer - Consumer Products,Munchkin,"Los Angeles, CA"
IGA QA Engineer,Dice,"Los Angeles, California, "
SSO QA Engineer,Dice,"Los Angeles, California, "
Hardware QA Tester,myDevices,"Los Angeles, California, "
QA Engineer,Alchemer,"Louisville, CO"
QA Engineer,choreograph,"Louisville, CO"
QA Analyst I,Bastian Solutions,"Louisville, KY"
QA Engineer (P2),"V-Soft Consulting Group, Inc.","Louisville, KY"
QA Engineer (P2),"V-Soft Consulting Group, Inc.","Louisville, KY"
Quality Assurance Engineer (QMS/Operations),KLA,"Lowell, MA"
Quality Assurance Engineer (QMS/Operations),KLA,"Lowell, MA"
Quality Assurance Analyst,"Chandra Technologies, Inc","Madison, WI"
Quality Assurance Analyst,"Chandra Technologies, Inc","Madison, WI"
QA Engineer,Luminex Corporation - A DiaSorin Company,"Madison, WI"
QA Engineer (Remote),Covetrus,"Maine, "
QA Engineer,Covetrus,"Maine, "
Android QA Engineer,Alexander Technology Group,"Manchester, NH"
Android QA Engineer,Alexander Technology Group,"Manchester, NH"
"QA Engineer (Indianapolis, IN; Manchester, NH)","SilverTech, Inc.","Manchester, NH"
Design Quality Assurance Engineer II (DQA II),Candela Corporation,"Marlborough, MA"
Design Quality Assurance Engineer,Candela Medical,"Marlborough, MA"
Design Quality Assurance Engineer,Candela Medical,"Marlborough, MA"
QA Engineer (Remote),Covetrus,"Maryland, "
EMBEDED FIRMWARE QA ENGINEER,Rockwell Automation,"Mayfield Heights, OH"
"Senior Analyst, QA (Remote)",The Scotts Miracle-Gro Company,"Mccook Field, Ohio, "
Quality Assurance Engineer - Government and Public Sector,EY,"McLean, VA"
Quality Assurance Tester,"Steampunk, Inc.","McLean, VA"
Senior Quality Assurance Tester,"Church Mutual Insurance Company, S.I.","Mechanicsburg, PA"
Engineer II - QA iGroup,Alsac St Judeâ€™s Children Research Hospital,"Memphis, TN"
Quality Assurance Engineer,The Judge Group,"Memphis, TN"
QA Engineer,Robinhood,"Menlo Park, CA"
QA Engineer,Robinhood,"Menlo Park, CA"
Quality Assurance Engineer ( Automation ),ChenMed,"Miami Gardens, FL"
Quality Assurance Engineer (Automation),ChenMed,"Miami Gardens, FL"
Quality Assurance Engineer,ChenMed,"Miami, FL"
Quality Assurance Engineer,ChenMed,"Miami, FL"
Quality Assurance Engineer,ChenMed,"Miami, FL"
QA Analyst,Dice,"Miami, FL"
QA Analyst,Dice,"Miami, FL"
Quality Assurance Engineer,Granicus,"Miami, FL"
Quality Assurance Engineer,Granicus,"Miami, FL"
QA Engineer Shipboard Applications,Norwegian Cruise Line Holdings Ltd.,"Miami, FL"
QA Engineer,choreograph,"Miami, FL"
QA Engineer,Fiskars Group,"Middleton Town, WI"
QA Engineer,Fiskars Group,"Middleton Town, WI"
QA Embedded Tester,Activision Blizzard,"Middleton, WI"
QA Embedded Tester,Activision Blizzard,"Middleton, WI"
Quality Assurance Engineer,SeraCare Life Sciences,"Milford, MA"
Quality Assurance Engineer,SeraCare Life Sciences,"Milford, MA"
QA Engineer,Alegeus,"Milwaukee, WI"
Quality Assurance - Materials Engineer - Metallurgist,Emerson Automation Solutions,"Milwaukee, WI"
Quality Assurance Engineer,Granicus,"Milwaukee, WI"
Automated QA Engineer,The Mom Project,"Milwaukee, WI"
Quality Assurance Engineer,Elgen Associates Inc,"Minden, NE"
Quality Assurance Analyst,ETalentNetwork,"Minneapolisâ€“Saint Paul, MN"
Quality Assurance Analyst,ETalentNetwork,"Minneapolisâ€“Saint Paul, MN"
Quality Assurance Analyst,"Genesis Consulting Partners, LLC","Minneapolisâ€“Saint Paul, MN"
Quality Assurance Analyst,TALENT Software Services,"Minneapolisâ€“Saint Paul, MN"
Quality Assurance Analyst,TALENT Software Services,"Minneapolisâ€“Saint Paul, MN"
QA Engineer (CTH),Turnberry Solutions,"Minneapolisâ€“Saint Paul, MN"
ETL Tester,eTeam,"Minneapolisâ€“Saint Paul, MN"
ETL Tester,eTeam,"Minneapolisâ€“Saint Paul, MN"
ETL Tester,Apolis,"Minneapolis, MN"
Software QA Tester-Entry Level,Collabera Inc.,"Minneapolis, MN"
Software QA Tester-Entry Level,Collabera Inc.,"Minneapolis, MN"
Quality Assurance Engineer,CorVel Corporation,"Minneapolis, MN"
QA Automation Tester,Open Systems Technologies,"Minneapolis, MN"
Quality Assurance Engineer,Provation,"Minneapolis, MN"
QA Analyst,The Mom Project,"Minneapolis, MN"
QA Analyst,The Mom Project,"Minneapolis, MN"
QA Engineer,The Mom Project,"Minneapolis, MN"
QA Engineer,Genesis10,"Minnetonka, MN"
QA Engineer III,Sovos,"Minnetonka, MN"
QA Engineer III,Sovos,"Minnetonka, MN"
QA Engineer (Manual/automation),Dice,"Monterey Park, CA"
"QA Engineer, Automation, Selenium -10+yrs must",Dice,"Monterey, CA"
Automation QA Engineer (100% Remote),"Frontdoor, Inc.","Montgomery, AL"
Quality Assurance Tester,Flowbird America,"Moorestown, NJ"
QA Analyst,FinTech LLC,"Morristown, NJ"
Quality Assurance Analyst,Discover Financial Services,"Mountain Home, UT"
QA analyst/ QA Engineer/Manual Tester,Dice,"Mountain View, CA"
"""Salesforce QA Engineer"" Position @ Mountain View, CA",Dice,"Mountain View, CA"
QA analyst/ QA Engineer/Manual Tester,Dice,"Mountain View, CA"
"""Salesforce QA Engineer"" Position @ Mountain View, CA",Dice,"Mountain View, CA"
"Embedded Robotics Software Engineer, Quality Assurance",Nuro,"Mountain View, CA"
"Embedded Robotics Software Engineer, Quality Assurance",Nuro,"Mountain View, CA"
QA Engineer,Riiid Labs,"Mountain View, CA"
QA Engineer,Riiid Labs,"Mountain View, CA"
QA Engineer,Riiid Labs,"Mountain View, CA"
Quality Assurance Engineer,Moog Inc.,"Murphy, NC"
Quality Assurance Engineer,Moog Inc.,"Murphy, NC"
Quality Assurance Engineer,Moog Inc.,"Murphy, NC"
QA Engineer II - Product Improvement,Arthrex,"Naples, FL"
QA Engineer II - Product Improvement,Arthrex,"Naples, FL"
Quality Assurance Engineer Automotive,Techniplas,"Nashotah, WI"
Quality Assurance Engineer,"IDR, Inc.",Nashville Metropolitan Area
QA ENGINEER,Aureus Group,"Nashville, TN"
QA ENGINEER,Aureus Group,"Nashville, TN"
63406 | Quality Assurance Analyst,Butler Aerospace & Defense,"Nashville, TN"
63406 | Quality Assurance Analyst,Butler Aerospace & Defense,"Nashville, TN"
Quality Assurance Analyst,COGENT Infotech,"Nashville, TN"
QA Engineer III,Dice,"Nashville, TN"
Automation QA Engineer (100% Remote),"Frontdoor, Inc.","Nashville, TN"
Quality Assurance Engineer,HST Pathways,"Nashville, TN"
Associate Quality Assurance Analyst,L3Harris Technologies,"Nashville, TN"
Quality Assurance Analyst,"LanceSoft, Inc.","Nashville, TN"
QA Engineer III,Stefanini North America and APAC,"Nashville, TN"
Quality Assurance Analyst,"Yoh, A Day & Zimmermann Company","Nashville, TN"
Quality Control Assurance Engineer 1,General Dynamics Ordnance and Tactical Systems,"Nebraska, "
QA Engineer - Lightspeed LiveStream,Telestream,"Nevada City, CA"
QA Engineer,Covetrus,New Bern-Morehead City Area
Quality Assurance Engineer,ALKEGEN,"New Carlisle, IN"
Quality Assurance Engineer,Granicus,"New Orleans, LA"
Quality Assurance Engineer,Granicus,"New Orleans, LA"
Software Tester,TORSH,"New Orleans, LA"
QA Analyst,Brooklinen,New York City Metropolitan Area
Quality Assurance Analyst,TransPerfect,New York City Metropolitan Area
QA Engineer,WarnerMedia,"New York County, NY"
Power BI/QA Tester,"Acadia Technologies, Inc.","New York, NY"
CreditCenter Platform UAT Tester,Bank of America,"New York, NY"
CreditCenter Platform UAT Tester,Bank of America,"New York, NY"
QA Analyst,Brooklinen,"New York, NY"
QA Engineer,Cardlytics,"New York, NY"
QA Automation Analyst,Cognizant,"New York, NY"
QA Automation Analyst,Cognizant,"New York, NY"
Quality Assurance Analyst (QA Analyst),Collabera Inc.,"New York, NY"
Quality Assurance Analyst (QA Analyst),Collabera Inc.,"New York, NY"
QA Analyst - Manual,Collabera Inc.,"New York, NY"
"QA Helpdesk Analyst (NY, NY/Hybrid)",Crum & Forster,"New York, NY"
Quality Assurance Engineer - Android,Current,"New York, NY"
ETL Tester,Dice,"New York, NY"
ETL Tester,Dice,"New York, NY"
ETL Tester,Dice,"New York, NY"
ETL Tester,Dice,"New York, NY"
QA Tester,Dice,"New York, NY"
QA Tester,Dice,"New York, NY"
Quality Assurance Engineer $70 per hour work from home 2-3 days a week 12 month extendable contract,Dice,"New York, NY"
Quality Assurance Engineer,Digital Currency Group,"New York, NY"
QA Engineer - Automated Tester,Eclaro,"New York, NY"
QA Engineer (Manual & Automation) - Data Feeds Testing/ETL,Haven Technologies,"New York, NY"
QA Engineer (Manual & Automation) - Data Feeds Testing/ETL,Haven Technologies,"New York, NY"
QA Engineer,HireArt,"New York, NY"
QA/Release Engineer,Magnite,"New York, NY"
QA Engineer (Manual),Maven Clinic,"New York, NY"
QA Engineer,Noom Inc.,"New York, NY"
QA Engineer,"Pyramid Consulting, Inc","New York, NY"
QA Engineer,"Pyramid Consulting, Inc","New York, NY"
QA Engineer,"Pyramid Consulting, Inc","New York, NY"
QA Analyst,Saks Fifth Avenue,"New York, NY"
Quality Assurance Engineer,Speechify,"New York, NY"
Junior ETL Tester,TEKFORTUNE INC,"New York, NY"
Junior ETL Tester,TEKFORTUNE INC,"New York, NY"
"Tester with ETL, C#, Selenium, and DB automation",TekisHub Consulting Services,"New York, NY"
"Quality Assurance Engineer II, Purchase/Identity - HBO Max",WarnerMedia,"New York, NY"
QA Engineer,Wonder,"New York, NY"
QA Engineer,choreograph,"New York, NY"
QA Tester,eTeam,"New York, NY"
QA Engineer,CITYMD,"New York, "
Quality Assurance Engineer--Remote,Jefferson Frank,"New York, "
Quality Assurance Engineer--Remote,Jefferson Frank,"New York, "
QA Tester,Malicis,"New York, "
QA Engineer,Malicis,"New York, "
QA Tester,eTeam,"New York, "
"QA Engineer, Infotainment",RGBSI,"Newark, CA"
"QA Engineer, Infotainment",RGBSI,"Newark, CA"
Quality Assurance Engineer,RGBSI,"Newark, CA"
Quality Assurance Engineer,BioSensics,"Newton, MA"
Automation QA Engineer,SS&C Technologies,"Newtown, CT"
Automation QA Engineer,SS&C Technologies,"Newtown, CT"
Tester III - Software Testing,UST,"Norfolk, VA"
Tester III - Software Testing,UST,"Norfolk, VA"
Software Tester,"Njevity, Inc.","Norman, OK"
QA Engineer II,BioSpace,"North Augusta, SC"
QA Tester,Visual Concepts,"North Austin Heights, Texas, "
Quality Assurance Engineer,ESO,"North Carolina, "
QA Software Validation Engineer WFH,"Medline Industries, LP","Northfield, IL"
QA Engineer II - Datto Continuity for MS Azure,"Datto, Inc.","Norwalk, CT"
QA Engineer II - Datto Continuity for MS Azure,"Datto, Inc.","Norwalk, CT"
"Engineer III, Quality Assurance, Validation",Moderna,"Norwood, MA"
QA Engineer II,Callisto Media,"Oakland, CA"
QA Engineer,Cardlytics,"Oakland, CA"
QA Engineer,Kunai,"Oakland, CA"
QA Engineer,Kunai,"Oakland, CA"
Automation QA Tester,HonorVet Technologies,"Oaks, PA"
Quality Assurance Analyst - HTS,SEI,"Oaks, PA"
QA Engineer,SEI,"Oaks, PA"
Mid Level / Senior Software QA Engineer and Tester with Security Clearance,ClearanceJobs,"Offutt Air Force Base, NE"
Quality Assurance Engineer,Granicus,"Oklahoma City, OK"
Software Tester Associate,SAIC,"Oklahoma City, OK"
Software Tester Associate,SAIC,"Oklahoma City, OK"
QA Engineer,Dice,"Oklahoma, "
QA Engineer,Dice,"Oklahoma, "
Software Tester II,Terracon,"Olathe, KS"
Software Application Tester,Topcon Positioning Systems,"Olathe, KS"
Automation Quality Assurance Engineer,Gallup,Omaha Metropolitan Area
Quality Assurance Engineer - #LI-PG1,BHMI,"Omaha, NE"
Quality Assurance Engineer,Hudl,"Omaha, NE"
Quality Assurance Tester,Robert Half,"Omaha, NE"
Manual QA Tester,TEKsystems,"Omaha, NE"
Quality Assurance Tester,Travelex Insurance Services,"Omaha, NE"
Manufacturing Quality Assurance Engineer,"Jersey City, NJ",On-site
Manufacturing Quality Assurance Engineer,"Jersey City, NJ",On-site
Quality Assurance Engineer,"Mesa, AZ",On-site
Quality Assurance Engineer,"Mesa, AZ",On-site
QA Analyst,"Morristown, NJ",On-site
Manufacturing QA Engineer,"Newark, NJ",On-site
Manufacturing QA Engineer,"Newark, NJ",On-site
Quality Assurance Engineer,"Orlando, FL",On-site
QA Engineer,"Plano, TX",On-site
ETL Tester,"St Louis, MO",On-site
Manual QA engineer,Numentica LLC,"Orange, CA"
Quality Assurance Engineer,Dice,"Orlando, FL"
Quality Assurance Engineer,Kforce Inc,"Orlando, FL"
Quality Assurance Tester,orangepeople,"Orlando, FL"
Quality Assurance Tester,orangepeople,"Orlando, FL"
QA Engineer,Covetrus,"Oshkosh, WI"
QA Engineer,Covetrus,"Oshkosh, WI"
Quality Assurance Analyst,Bardavon Health Innovations,"Overland Park, KS"
Software QA Tester II - NCE Learning,Nelnet,"Overland Park, KS"
Software QA Tester II - NCE Learning,Nelnet,"Overland Park, KS"
Quality Assurance Engineer,Netsmart,"Overland Park, KS"
Quality Assurance Engineer,Netsmart,"Overland Park, KS"
Quality Assurance Engineer,Modis,"Palm Bay, FL"
Quality Assurance Engineer,Modis,"Palm Bay, FL"
Quality Assurance Engineer,Modis,"Palm Bay, FL"
QA Engineer II,"SMX Services & Consulting, Inc.","Palm Harbor, FL"
QA Engineer II,"SMX Services & Consulting, Inc.","Palm Harbor, FL"
Wifi QA Engineer,Dice,"Palo Alto, CA"
Wifi QA Engineer,Dice,"Palo Alto, CA"
Manual QA engineer,Numentica LLC,"Palo Alto, CA"
"Mobile Automation QA Engineer, Fintech",TripActions,"Palo Alto, CA"
API Tester/SDET,Net2Source Inc.,"Paramus, NJ"
API Tester/SDET,Net2Source Inc.,"Paramus, NJ"
QA Engineer - Automation/Manual,The Judge Group,"Parsippany, NJ"
QA Engineer - Automation/Manual,The Judge Group,"Parsippany, NJ"
"BT-2073 QA Engineer, SME-Part-time- Remote to support location in AL","Bastion Technologies, Inc.","Pasadena, CA"
Quality Assurance Engineer,MobLab,"Pasadena, CA"
"QA Engineer, 3rd Shift",ZOLL Medical Corporation,"Pawtucket, RI"
QA Engineer,ZOLL Medical Corporation,"Pawtucket, RI"
"QA Engineer, 3rd Shift",ZOLL Medical Corporation,"Pawtucket, RI"
QA Engineer,ZOLL Medical Corporation,"Pawtucket, RI"
"QA Engineer, 3rd Shift",ZOLL Medical Corporation,"Pawtucket, RI"
Quality Assurance Engineer II,Arthrex,"Pendleton, SC"
Quality Assurance Engineer II,Arthrex,"Pendleton, SC"
QA Analyst,Collabera Inc.,"Pennington, NJ"
QA Test Lead,RX2 Solutions,"Pennsauken, NJ"
Hardware Testing & QA Engineer,ActiGraph,"Pensacola, FL"
QA Engineer,Optomi,"Peoria, IL"
Quality Assurance Engineer,OmniUpdate (Now Modern Campus),"Petersburg, CA"
QA Automation Tester,CGI,"Philadelphia, PA"
Quality Assurance Analyst,Dice,"Philadelphia, PA"
Quality Assurance Analyst,Dice,"Philadelphia, PA"
Quality Assurance Analyst,Dice,"Philadelphia, PA"
"OSS Quality Assurance Testers (2)/ Philadelphia, PA preferred, Remote OK 12 mth+ contract",Dice,"Philadelphia, PA"
Quality Assurance Engineer,Granicus,"Philadelphia, PA"
Quality Assurance Engineer,Granicus,"Philadelphia, PA"
QA Analyst - Manual Testing,Jobot,"Philadelphia, PA"
"OSS Quality Assurance Testers (2)/ Philadelphia, PA preferred, Remote OK 12 mth+ contract",Suncap Technology,"Philadelphia, PA"
"OSS Quality Assurance Testers (2)/ Philadelphia, PA preferred, Remote OK 12 mth contract",Suncap Technology,"Philadelphia, PA"
Quality Assurance Analyst,VST Consulting Inc,"Philadelphia, PA"
Quality Assurance and Control Engineer I,Austin Commercial,"Phoenix, AZ"
CreditCenter Platform UAT Tester,Bank of America,"Phoenix, AZ"
CreditCenter Platform UAT Tester,Bank of America,"Phoenix, AZ"
CreditCenter Platform UAT Tester,Bank of America,"Phoenix, AZ"
Quality Assurance Automation Analyst,"Cambridge Investment Research, Inc.","Phoenix, AZ"
Quality Assurance Analyst,CompuGroup Medical SE & Co. KGaA,"Phoenix, AZ"
Quality Assurance Engineer,CorVel Corporation,"Phoenix, AZ"
Mobile QA Engineer with Appium,Dice,"Phoenix, AZ"
Quality Assurance Engineer,Granicus,"Phoenix, AZ"
Quality Assurance Engineer,Granicus,"Phoenix, AZ"
QA Engineer,KUBRA,"Phoenix, AZ"
Mobile QA Engineer,M3BI - A Zensar Company,"Phoenix, AZ"
Mobile QA Engineer with Appium,M3BI - A Zensar Company,"Phoenix, AZ"
Mobiel QA Engineer,M3BI - A Zensar Company,"Phoenix, AZ"
ETL Tester with strong SQL,MSys Inc.,"Phoenix, AZ"
ETL Tester with strong SQL,MSys Inc.,"Phoenix, AZ"
QA Engineer,"OpenTech Alliance, Inc. | Self Storage Solutions","Phoenix, AZ"
QA Engineer,"OpenTech Alliance, Inc. | Self Storage Solutions","Phoenix, AZ"
Quality Assurance Software Tester,Professional Partners - Mortgage Brokers,"Phoenix, AZ"
Outgoing Quality Assurance Engineer,TSMC,"Phoenix, AZ"
Quality Assurance Engineer,Vix Technology,"Phoenix, AZ"
QA Engineer,Covetrus,"Piedmont, MO"
QA Engineer,Covetrus,"Piedmont, MO"
QA Automation Tester (Hybrid Onsite),Dice,"Piscataway, NJ"
Quality Assurance Engineer (remote),Idelic,"Pittsburgh, PA"
Quality Assurance Engineer,Kopp Glass,"Pittsburgh, PA"
NFL/NBA Quality Assurance Tester (Mobile Apps),"YinzCam, Inc.","Pittsburgh, PA"
Product Quality Assurance Engineer,ZOLL Medical Corporation,"Pittsburgh, PA"
QA Engineer,Endeavor,"Plainview, NY"
Network QA Engineer,Aditi Consulting,"Plano, TX"
QA Engineer I,Catalyst Health Group,"Plano, TX"
WMS QA Tester,Cognizant,"Plano, TX"
"QA Tester, Connected Vehicle","DMI (Digital Management, LLC)","Plano, TX"
QA Functional Tester with Telematics,Dice,"Plano, TX"
QA Engineer,Horizontal Talent,"Plano, TX"
Quality Assurance Engineer - remote,Gap Inc.,"Pleasanton, CA"
Design Quality Engineer/Design Assurance Engineer - Medical Device,Integer Holdings Corporation,"Plymouth, MN"
Quality Assurance Engineer,STERIS,"Plymouth, MN"
QA Engineer,Covetrus,"Portland, ME"
Quality Assurance Engineer,CorVel Corporation,"Portland, OR"
QA Engineer II - Datto Continuity for MS Azure,"Datto, Inc.","Portland, OR"
QA Engineer II - Datto Continuity for MS Azure,"Datto, Inc.","Portland, OR"
"QA Analyst, Americas",Dr. Martens plc,"Portland, OR"
Backend QA Engineer,Gemini,"Portland, OR"
Frontend QA Engineer,Gemini,"Portland, OR"
Quality Assurance Engineer,Granicus,"Portland, OR"
Quality Assurance Engineer,Momentive.ai,"Portland, OR"
Entry Level Quality Assurance Engineer,"StrongBox Data Solutions, Inc.","Portland, OR"
QA Engineer,RadarFirst,"Portland, Oregon Metropolitan Area"
QA Analyst,Dice,"Providence, RI"
QA Analyst,Dice,"Providence, RI"
QA Engineer,MojoTech,"Providence, RI"
QA Analyst,Dice,"Quincy, MA"
QA Analyst,Dice,"Quincy, MA"
Quality Assurance Automation Tester,Dice,"Quincy, MA"
Quality Assurance Tester(Need Locals),HUMAC INC,"Quincy, MA"
QA Analyst,"LanceSoft, Inc.","Quincy, MA"
QA Analyst,"LanceSoft, Inc.","Quincy, MA"
Quality Assurance Tester Co-op,Retail Business Services,"Quincy, MA"
Quality Assurance Analyst,Trillium Staffing Solutions,"Quincy, MA"
QA Tester (Manual and Automation) - *** 100% REMOTE FTE ROLE ***,Atrilogy Solutions Group,"Raleigh, NC"
Senior QA Tester,"Chandra Technologies, Inc","Raleigh, NC"
Senior QA Tester,"Chandra Technologies, Inc","Raleigh, NC"
Quality Assurance Engineer,Granicus,"Raleigh, NC"
Quality Assurance Tester,Prometheus Group,"Raleigh, NC"
Quality Assurance Engineer,BOMBARDIER,"Red Oak, TX"
Quality Assurance Engineer,BOMBARDIER,"Red Oak, TX"
QA Validation Engineer,Cognizant,"Redmond, WA"
QA Validation Engineer,Cognizant,"Redmond, WA"
QA Tester II,Denali Advanced Integration,"Redmond, WA"
Autonomous Vehicle QA Engineer- WA,"Johnson Service Group, Inc.","Redmond, WA"
Lead QA Tester,Unbroken Studios,"Redondo Beach, CA"
Quality Assurance Tester,Unbroken Studios,"Redondo Beach, CA"
Quality Assurance Engineer,Actalent,"Redwood City, CA"
Quality Assurance Engineer,Actalent,"Redwood City, CA"
QA Engineer,C3 AI,"Redwood City, CA"
SW Tester/QA,DT Professional Services,"Redwood City, CA"
SW Tester/QA,DT Professional Services,"Redwood City, CA"
QA Engineer,Poshmark,"Redwood City, CA"
"QA Engineer - UA Shop App - REMOTE - Under Armour, Inc.","Albany, NY",Remote
Quality Assurance Engineer 2 (2028),Amyris,"Reno, NV"
Automated Software Tester (TS/SCI) with Security Clearance,ClearanceJobs,"Reston, VA"
Software Tester with Security Clearance,ClearanceJobs,"Reston, VA"
UAT Tester,Diverse Lynx,"Reston, VA"
UAT Tester,Diverse Lynx,"Reston, VA"
Software Tester,Leidos,"Reston, VA"
QA Automation Analyst - FinTech Company,Linear Financial Technologies,"Reston, VA"
QA Engineer,Triblio (a Foundry company),"Reston, VA"
ETL Bigdata Tester,ClifyX,"Richardson, TX"
QA Automation Tester-- Texas Locals,Dice,"Richardson, TX"
QA Automation Tester,Dice,"Richardson, TX"
UAT TESTER,Dice,"Richardson, TX"
"QA Engineer (AN) - CWMD, Consumer Engineering",Goldman Sachs,"Richardson, TX"
"QA Engineer (AN) - CWMD, Consumer Engineering",Goldman Sachs,"Richardson, TX"
"QA Engineer (AS) - CWMD, Consumer Engineering",Goldman Sachs,"Richardson, TX"
"QA Engineer (VP) - CWMD, Consumer Engineering",Goldman Sachs,"Richardson, TX"
"QA Engineer (VP) - CWMD, Consumer Engineering, Agent",Goldman Sachs,"Richardson, TX"
"QA Engineer (AN) - CWMD, Consumer Engineering",Goldman Sachs,"Richardson, TX"
"QA Engineer (AN) - CWMD, Consumer Engineering",Goldman Sachs,"Richardson, TX"
"QA Engineer (AN) - CWMD, Consumer Engineering",Goldman Sachs,"Richardson, TX"
"QA Engineer (AS) - CWMD, Consumer Engineering",Goldman Sachs,"Richardson, TX"
"QA Engineer (VP) - CWMD, Consumer Engineering",Goldman Sachs,"Richardson, TX"
"QA Engineer (VP) - CWMD, Consumer Engineering, Agent",Goldman Sachs,"Richardson, TX"
"QA Engineer (AN) - CWMD, Consumer Engineering",Goldman Sachs,"Richardson, TX"
QA Automation Tester-- Texas Locals,Kairos,"Richardson, TX"
QA Automation Tester,Kairos,"Richardson, TX"
QA Engineer - Salesforce (Functional/Integration),Texas Capital Bank,"Richardson, TX"
QA Engineer - Salesforce (Functional/Integration),Texas Capital Bank,"Richardson, TX"
QA Tester,eTeam,"Richardson, TX"
QA Automation Tester,Dice,"Richfield, MN"
Jr. QA Analyst,Horizontal Talent,"Richfield, MN"
Jr. QA Analyst,Horizontal Talent,"Richfield, MN"
QA Automation Tester,SohanIT Inc,"Richfield, MN"
Senior QA/Tester,CGI,"Richmond, VA"
QA Analyst,"Chandra Technologies, Inc","Richmond, VA"
QA Analyst,"Chandra Technologies, Inc","Richmond, VA"
Software QA Tester,YoungWilliams,"Ridgeland, MS"
QUALITY ASSURANCE ENGINEER,"Berry Global, Inc.","Riverhead, NY"
Quality Assurance Engineer,Granicus,"Riverside, CA"
QA | Engineer,Apex Systems,"Riverview, FL"
QA Tester - POS,TEKsystems,"Roanoke, VA"
QA Tester - POS,TEKsystems,"Roanoke, VA"
Software Tester Ground Systems Engineer,SAIC,"Roxborough Park, CO"
Software Tester Ground Systems Engineer,SAIC,"Roxborough Park, CO"
Automation & Release QA Engineer,Paxful,"Russia, NY"
QA Engineer,ActSeed Corporation,"Sacramento, CA"
Quality Assurance Tester,BhuShanti Solutions,"Sacramento, CA"
"Software QA Tester SAP (onsite only - Sacramento, CA)",HHS Technology Group,"Sacramento, CA"
Quality Assurance Engineer,Textron Aviation,"Sacramento, CA"
Data QA Engineer,Army Marketing,"Sacramento, California, "
QA Engineer - Remote,Fundacion Nuestros Hijos,"Sacramento, California, "
QA Tester - Fully Remote Working,Gespreksleider Jacobs,"Sacramento, California, "
Mobile QA Engineer - Appium/Flutter,Stichting Speelkr8,"Sacramento, California, "
Quality Assurance Tester - eCommerce Technology,Malakye.com,"Salem, OR"
Electrical Test/QA Engineer,FarmWise,"Salinas, CA"
Electrical Test/QA Engineer,FarmWise,"Salinas, CA"
Quality Assurance Tester Co-op,Retail Business Services,"Salisbury, NC"
Quality Assurance Engineer,Granicus,"Salt Lake City, UT"
DRB Quality Assurance Engineer,San Antonio Aerospace (SAA),"San Antonio, Texas Metropolitan Area"
Data QA Engineer,Axos Bank,"San Diego, CA"
Quality Assurance Engineer- TORIS with Security Clearance,ClearanceJobs,"San Diego, CA"
QA Engineer,CourseKey,"San Diego, CA"
SW Tester/QA,DT Professional Services,"San Diego, CA"
Junior Data QA Engineer,Dice,"San Diego, CA"
QA Engineer - Products,HCL Technologies,"San Diego, CA"
QA Engineer - Products,HCL Technologies,"San Diego, CA"
Junior Quality Assurance Tester,IKIN,"San Diego, CA"
Automation QA Engineer - Mid (NE),Skiltrek,"San Diego, CA"
Tester I - Software Testing,UST,"San Diego, CA"
Tester I - Software Testing,UST,"San Diego, CA"
Tester II - Software Testing,UST,"San Diego, CA"
Tester II - Software Testing,UST,"San Diego, CA"
Tester II - Software Testing,UST,"San Diego, CA"
Tester I - Software Testing,UST,"San Diego, CA"
Tester I - Software Testing,UST,"San Diego, CA"
Tester I - Software Testing,UST,"San Diego, CA"
Tester II - Software Testing,UST,"San Diego, CA"
Tester II - Software Testing,UST,"San Diego, CA"
Tester I - Software Testing,UST,"San Diego, CA"
Tester I - Software Testing,UST,"San Diego, CA"
Tester II - Software Testing,UST,"San Diego, CA"
Tester I - Software Testing,UST,"San Diego, CA"
Robot whitebox tester / Jr Software Engineer,Peanut Robotics,San Francisco Bay Area
QA Engineer,AI Fund,"San Francisco, CA"
QA Analyst,"Asta CRS, Inc.","San Francisco, CA"
QA Analyst,"Asta CRS, Inc.","San Francisco, CA"
Wi-Fi QA Engineer (Remote US or Canada),Cisco Meraki,"San Francisco, CA"
Wi-Fi QA Engineer,Cisco Meraki,"San Francisco, CA"
Wi-Fi QA Engineer (Remote US or Canada),Cisco Meraki,"San Francisco, CA"
QA Engineer,CoStar Group,"San Francisco, CA"
QA Engineer,CoStar Group,"San Francisco, CA"
QA Analyst (Manual),Dice,"San Francisco, CA"
QA Engineer- Remote,Glidian,"San Francisco, CA"
QA Manual testing Engineer,Ingrain Systems Inc,"San Francisco, CA"
QA Embedded Engineer (Bug Dispatch),KeepTruckin,"San Francisco, CA"
QA Embedded Engineer (End-2-End),KeepTruckin,"San Francisco, CA"
QA Embedded Engineer (Bug Dispatch),KeepTruckin,"San Francisco, CA"
Quality Assurance Specialist / Engineer (Open Level),Miroculus,"San Francisco, CA"
QA Engineer,Ontra,"San Francisco, CA"
"Engineer, QA",Reputation,"San Francisco, CA"
"Engineer, QA",Reputation,"San Francisco, CA"
QA Engineer,Robert Half,"San Francisco, CA"
QA Engineer,SS&C Technologies,"San Francisco, CA"
QA Selenium Tester (Entry Level),TEKtalent Inc,"San Francisco, CA"
"Mobile Automation QA Engineer, Fintech",TripActions,"San Francisco, CA"
QA Engineer,Woebot Health,"San Francisco, CA"
"Quality Assurance Engineer , ADECT (Alexa Developer Experience and Customer Trust)",Amazon,"San Jose, CA"
"Quality Assurance Engineer , ADECT (Alexa Developer Experience and Customer Trust)",Amazon,"San Jose, CA"
QA Engineer,BrightInsight,"San Jose, CA"
QA Engineer II,Callisto Media,"San Jose, CA"
QA Engineer (100% Remote),Monster Inc.,"San Jose, CA"
QA Software Engineer,OSI Engineering,"San Jose, CA"
QA Engineer I,Olympus Corporation of the Americas,"San Jose, CA"
Quality Assurance Engineer,"Outward, Inc.","San Jose, CA"
QA Engineer (Remote),"Teaching Strategies, LLC","San Jose, CA"
QA Engineer,"Williams-Sonoma, Inc.","San Jose, CA"
Hardware QA Engineer,umlaut company,"San Jose, CA"
Hardware QA Engineer,umlaut company,"San Jose, CA"
Software System Tester,CGI,"San Juan, TX"
Software System Tester,CGI,"San Juan, TX"
Quality Assurance Engineer II,Entegris,"San Luis Obispo, CA"
QA Engineer - Products,HCL Technologies,"San Mateo County, CA"
Gameplay Automation/QA Engineer,Roblox,"San Mateo, CA"
Gameplay Automation/QA Engineer,Roblox,"San Mateo, CA"
Gameplay Automation/QA Engineer,Roblox,"San Mateo, CA"
Gameplay Automation/QA Engineer,Roblox,"San Mateo, CA"
Gameplay Automation/QA Engineer,Roblox,"San Mateo, CA"
QA Engineer - Automated,Collectors,"Santa Ana, CA"
QA Engineer (Remote),Dice,"Santa Ana, CA"
Quality Assurance Analyst,Veros Real Estate Solutions (Veros),"Santa Ana, CA"
Quality Assurance Analyst,Veros Real Estate Solutions (Veros),"Santa Ana, CA"
Quality Assurance Engineer - Investment Management,"AppFolio, Inc.","Santa Barbara, CA"
Quality Assurance Engineer,"AppFolio, Inc.","Santa Barbara, CA"
QA Engineer,HG Insights,"Santa Barbara, CA"
QA Engineer,HG Insights,"Santa Barbara, CA"
Product QA Engineer,Dice,"Santa Clara, CA"
Manual QA Tester,Dice,"Santa Clara, CA"
Product QA Engineer,Dice,"Santa Clara, CA"
Manual QA Tester,Dice,"Santa Clara, CA"
Associate Multiplayer Quality Assurance Tester / Development Support (Temporary Assignment),Naughty Dog,"Santa Monica, CA"
QA Analyst,Higher Logic,"Saratoga Springs, NY"
Quality Assurance Tester Co-op,Retail Business Services,"Scarborough, ME"
UAT Tester,Genuent,"Schenectady, NY"
UAT Tester,Genuent,"Schenectady, NY"
Software Tester,Paradox,"Scottsdale, AZ"
Quality Assurance Analyst,"DMI (Digital Management, LLC)","Searcy, AR"
Quality Assurance Analyst,"DMI (Digital Management, LLC)","Searcy, AR"
Quality Assurance Engineer,Apex Systems,"Seattle, WA"
QA Engineer,Bitwarden,"Seattle, WA"
Quality Assurance Tester - eCommerce Technology,Columbia Sportswear Company,"Seattle, WA"
Quality Assurance Engineer,Dice,"Seattle, WA"
SDET Tester,Dice,"Seattle, WA"
ETL TESTER,Diverse Lynx,"Seattle, WA"
"Quality Assurance Engineer II/III - TWMS, Cargo Services, IS Operational Experience",EXPEDITORS INTERNATIONAL OF WASHINGTON INC,"Seattle, WA"
"Quality Assurance Engineer, Marketing Web",Highspot,"Seattle, WA"
"Quality Assurance Engineer, Marketing Web",Highspot,"Seattle, WA"
"Quality Assurance Engineer, Marketing Web",Highspot,"Seattle, WA"
Software Tester,"ICON Consultants, LP","Seattle, WA"
QA/Release Engineer,Magnite,"Seattle, WA"
QA Engineer,Mason,"Seattle, WA"
QA Engineer,People Tech Group Inc,"Seattle, WA"
QA Engineer,People Tech Group Inc,"Seattle, WA"
Senior QA Tester,Rec Room,"Seattle, WA"
QA Engineer (Remote),"Teaching Strategies, LLC","Seattle, WA"
Quality Assurance Engineer - Government and Public Sector,EY,"Secaucus, NJ"
Quality Assurance Engineer - Government and Public Sector,EY,"Secaucus, NJ"
Automated QA Engineer,The Mom Project,"Shawnee Mission, KS"
Quality Assurance Engineer,OSC Edge,"Sierra Vista, AZ"
FinTech QA Engineer,SS&C Technologies,"Skillman, NJ"
FinTech QA Engineer,SS&C Technologies,"Skillman, NJ"
Senior QA Software Tester,Sphera,"Smyrna, TN"
QA Analyst,Oracle,"Solon, OH"
QA Analyst,Oracle,"Solon, OH"
QA Engineer,Advantest,"Somerset, NJ"
QA Engineer,Advantest,"Somerset, NJ"
Quality Assurance Engineer - Validation,Ivoclar,"Somerset, NJ"
Digital Quality Assurance Tester,Bass Pro Shops,"Springfield, MO"
UAT Tester,Dice,"St Louis, MO"
UAT Tester,Dice,"St Louis, MO"
QA Engineer,Save A Lot,"St Louis, MO"
QA Engineer,Save A Lot,"St Louis, MO"
QA Engineer,Save A Lot,"St Louis, MO"
QA Engineer,Save A Lot,"St Louis, MO"
QA Analyst,Spectrum,"St Louis, MO"
QA Analyst,Spectrum,"St Louis, MO"
Quality Assurance Engineer - St. Louis Area,Veterans United Home Loans,"St Louis, MO"
QA Analyst,Kobie Marketing,"St Petersburg, FL"
Software Tester--REMOTE POSITION,Redi Carpet,"Stafford, TX"
Senior Software Quality Assurance Engineer and Tester CIVF11,Avantus Federal,"Summit, WA"
Journeyman Software Quality Assurance Engineer and Tester CIVF11,Avantus Federal,"Summit, WA"
Senior Software Quality Assurance Engineer and Tester CIVF11,Avantus Federal,"Summit, WA"
Software Tester,Actalent,"Sunnyvale, CA"
Software Tester,Actalent,"Sunnyvale, CA"
Software Tester,Actalent,"Sunnyvale, CA"
Software Tester,Actalent,"Sunnyvale, CA"
Manufacturing QA Engineer,"Amick Brown - SAP, Cloud Technologies and Business Intelligence Staffing & Consulting","Sunnyvale, CA"
QA Testing Engineer,Apex Systems,"Sunnyvale, CA"
QA Testing Engineer,Apex Systems,"Sunnyvale, CA"
QA Testing Engineer,Apex Systems,"Sunnyvale, CA"
QA Testing Engineer,Dice,"Sunnyvale, CA"
QA Testing Engineer,Dice,"Sunnyvale, CA"
QA Testing Engineer,Dice,"Sunnyvale, CA"
QA Engineer - Docker/Kubernetes Exp - REMOTE,Jefferson Frank,"Sunnyvale, CA"
Quality Assurance Engineer III (Javascript - Automation),"V-Soft Consulting Group, Inc.","Sunnyvale, CA"
Quality Assurance Engineer III (Javascript - Automation),"V-Soft Consulting Group, Inc.","Sunnyvale, CA"
Quality Assurance Engineer,General Plastics Mfg. Co.,"Tacoma, WA"
Automation QA Engineer (100% Remote),"Frontdoor, Inc.","Tallahassee, FL"
QA Tester,Alvarez & Marsal,"Tampa, FL"
QA Analyst,Axelon Services Corporation,"Tampa, FL"
QA Analyst - Manual,Collabera Inc.,"Tampa, FL"
Quality Assurance Engineer,CorVel Corporation,"Tampa, FL"
QA Analyst Tester,"InvestCloud, Inc.","Tampa, FL"
Automation QA Engineer,Vaco,"Tampa, FL"
QA Engineer (Fully Remote in select locations) - IASP Team,WebstaurantStore,"Tampa, FL"
Quality Assurance Analyst,Ciber Global,"Taylor, MI"
Quality Assurance Analyst,Ciber Global,"Taylor, MI"
WMS QA Tester (Full Time),Net2Source Inc.,"Teaneck, NJ"
WMS QA Tester (Full Time),Net2Source Inc.,"Teaneck, NJ"
Quality Assurance Analyst,Dice,"Tempe, AZ"
Quality Assurance Engineer,Global Nephrology Solutions (GNS),"Tempe, AZ"
Tester III - Software Testing,UST,"Tempe, AZ"
Software Quality Assurance Tester,Actalent,"Texas, "
Software Quality Assurance Tester,Actalent,"Texas, "
Software Quality Assurance Tester,Actalent,"Texas, "
Software Quality Assurance Tester,Actalent,"Texas, "
Quality Assurance Engineer,ESO,"Texas, "
QA Engineer,SchooLinks,"Texas, "
QA Engineer III,Mercury Systems,"Torrance, CA"
QA Engineer III,Mercury Systems,"Torrance, CA"
"Quality Assurance Engineer, Test - Virtual","Stanley Black & Decker, Inc.","Towson, MD"
QA Tester with IBM DB2,"Chandra Technologies, Inc","Trenton, NJ"
"QA Engineer with 5 -7 years of experience in Testing Various Web/mobile applications (Cross browser, multi device)",Dice,"Trenton, NJ"
QA Tester,Rose International,"Trenton, NJ"
QA Tester - Guidewire,eTeam,"Trenton, NJ"
QA Analyst,Diverse Lynx,"Troy, MI"
Quality Assurance Engineer,Magna International,"Troy, MI"
QA Engineer (Digital Engineering),Bed Bath & Beyond,"Union, NJ"
QA Engineer (Digital Engineering),Bed Bath & Beyond,"Union, NJ"
QA Engineer (Digital Engineering),Bed Bath & Beyond,"Union, NJ"
Software Tester,Actalent,
Software Tester,Actalent,
Quality Assurance Engineer,ActivTrak,
Modernization QA Performance Engineer 2,Ally,
Quality Assurance Engineer,Amherst Holdings,
Quality Assurance Engineer,Archive360,
QA Engineer (Dapper Collectives),Axiom Zen,
QA Engineer,Beyond Finance,
Quality Assurance Engineer - REMOTE - USA CITIZENS / GREEN CARD ONLY,Bigtincan,
QA Engineer,Bitly,
Compliance and InfoSec QA Engineer,Blend,
QA Engineer,Bounteous,
QA Engineer,Bridg,
QA Engineer,Burgess,
QA Engineer,Burgess,
Quality Assurance Engineer,Buyers Edge Platform,
"Documentation Quality Assurance Engineer, Associate (Remote)",CNSI,
QA Engineer II,Captiv8,
QA Engineer,Carted,
QA Software Engineer,Chainlink Labs,
Wi-Fi QA Engineer (Remote US or Canada),Cisco Meraki,
Wi-Fi QA Engineer,Cisco Meraki,
QA Engineer (with Cypress.io),Clyde,
QA Engineer,Codelitt,
Quality Assurance Engineer,CorVel Corporation,
QA Engineer - Returnship,CyberArk,
QA Tester (m/f/d),DECA Games,
Quality Assurance Engineer,DTN,
QA Tester II (remote),DataServ,
QA Analyst (C# with Selenium and Azure),Dice,
QA Engineer,Dice,
ETL tester/ SQL,Dice,
ETL Tester,Dice,
QA Analyst,Dice,
Fully Remote Competitive Salary: Quality Assurance Engineer,Dice,
Fully Remote Competitive Salary :Quality Assurance Engineer,Dice,
Mainframe QA Analyst,Dice,
QA Engineer,Dice,
UI QA Tester,Dice,
QA Automation Tester (Cypress),Dice,
QA Engineer - full time,Dice,
QA Salesforce tester,Dice,
SDET mobile tester,Dice,
QA Engineer,Dice,
ETL Tester,Dice,
Software Quality Assurance Tester,Dice,
QA Engineer- Automated Testing,Dice,
QA Tester,Dice,
UAT Tester( No C2C Only W2),Dice,
QA Automation Tester - 100% Remote,Dice,
Servicenow Automation QA Analyst- Remote,Dice,
QA Engineer,Dice,
Automated QA Engineer REMOTE,Dice,
QA Tester,Dice,
"QA Engineer, C# / .NET - Clean Energy",Dice,
"QA Engineer Contractor(knowledge in SailPoint implementations). REMOTE, 12Months.",Dice,
QA Engineer,Dice,
QA Engineer,Dice,
QA Tester,Dice,
"QA Engineer with strong Data Engineering, Data warehousing, Big Data concepts",Dice,
DevOps - SDET Tester (REMOTE),Dice,
Quality Assurance Tester,Dice,
QA Engineer II,Dice,
Automation QA Analyst,Dice,
QA Analyst,Dice,
QA Tester,Dice,
WMS QA Tester,Dice,
Software Storage Tester (Python),Dice,
QA Engineer (Mid-Level),Dice,
Automation QA Engineer,Dice,
QA Analyst with Cypress,Dice,
QA Engineer,Dice,
QA Engineer,Dice,
QA Automation Analyst,Dice,
QA Engineer I,Dice,
QA Performance Tester,Dice,
QA Engineer,Dice,
Software QA Engineer Tester || 100% Remote,Dice,
Quality Assurance Engineer,DriveWealth,
QA Analyst,Dutchie,
Manual Quality Assurance Engineer (Cross-Product),ESO,
QA Engineer,East Side Games,
Quality Assurance Engineer,Enel North America,
ServiceNow Quality Assurance Engineer (Remote),Evergreen is now Thirdera,
ETL Tester,Expedite Technology Solutions LLC,
ETL Bigdata Tester,Expedite Technology Solutions LLC,
QA Engineer (Remote - USA),FEVO,
QA Engineer,Feedback Loop,
QA Engineer (Manual),Flywheel Digital,
Quality Assurance Engineer,Fusion Risk Management,
Software Quality Assurance Engineer & Tester,General Dynamics Information Technology,
QA Engineer,GetGround,
Quality Assurance Analyst (QAA),Gorilla Group,
Quality Assurance Engineer,Granicus,
QA Engineer,HG Insights,
"Software QA Tester SAP (onsite only - Sacramento, CA)",HHS Technology Group,
"Software QA Tester SAP (onsite only - Sacramento, CA)",HHS Technology Group,
QUALITY ASSURANCE ANALYST,HealthAxis Group,
Data QA and Analytics Engineer,HealthVerity,
QA Engineer,Hi-Rez Studios,
QA Engineer - East Coast,Homeland LLC,
QA Analyst,Hungryroot,
Quality Assurance Analyst,Hyatt,
QA Tester,IPT Associates,
Tech Hiring Day - Quality Assurance Engineer (ICUBE),ITB Career Center,
Tech Hiring Day - Junior Quality Assurance Engineer,ITB Career Center,
Tech Hiring Day - Quality Assurance Engineer,ITB Career Center,
"QA Engineer Contractor(knowledge in SailPoint implementations). REMOTE, 12Months.",Identity And Access Solutions (IAAS),
QA Analyst Junior,Imagine Apps,
Quality Assurance Analyst,Infojini Inc,
QA Engineer (Remote),Juniper,
QA Engineer,Kinsa,
Quality Assurance Engineer,Legacy,
Quality Assurance Engineer,MRP,
QA Engineer,MSUITE,
Quality Assurance Analyst II - REMOTE WORK AVAILABLE,"Management Science Associates, Inc.",
Quality Assurance Analyst,Medical Solutions,
QA Engineer,Medium,
QA Engineer,Modern Health,
Sr. Digital Analytics Implementation/QA Engineer,MotorTrend Group,
QA Infrastructure Tester - Backfill Varun,NR Consulting,
QA Analyst II,NR Consulting,
UAT Testers - Dayton OH,NR Consulting,
Quality Assurance Analyst,National University,
Software QA Tester II,Nelnet,
Software QA Tester II,Nelnet Community Engagement,
QA Engineer II,New American Funding,
QA Engineer,"NewAge, Inc.",
QA Engineer,Nextiva,
QA Analyst,Niche,
Automation QA Engineer -G3209,Nisum,
Automation QA Tester -GB3112,Nisum,
QA Engineer - Remote,Numbrs Bitcoin Account,
Quality Assurance Tester - Remote,OneDigital,
QA Engineer - Remote,OpenPhone,
Backend/Analytics QA Engineer - Remote,Piper Companies,
QA Engineer,Piper Companies,
Quality Assurance Engineer I,PowerSchool,
Quality Assurance Engineer I,PowerSchool,
QA & Auto Engineer III,Project Management Institute,
QA & Auto Engineer III,Project Management Institute,
QA & Auto Engineer III,Project Management Institute,
QA Engineer,QGenda,
QA Engineer,QuinStreet,
QA Engineer,RStudio PBC,
"QA Tester, open to remote",Revel IT,
QA Engineer,Revint Solutions,
QA Engineer,Revint Solutions,
QA Engineer,Roadie,
QA Engineer,RubiconMD,
Quality Assurance Engineer,Sapphire Digital,
Automation Quality Assurance (QA) Engineer #LI-Remote,Scratch Financial,
QA Tester - AAA Sci-Fi FPS Title,Skillsearch Limited,
Quality Assurance Engineer,Smarsh,
Software Tester,Solver,
QA Engineer - Remote,"Sounding Board, Inc",
QA Engineer,SpotOn,
Experienced Quality Assurance Engineer,Sterling Medical Devices,
Quality Assurance Engineer,Streamlabs,
QA Engineer (Remote),SwissBorg,
API QA Tester,The Judge Group,
QA ENGINEER- Remote,Thorne,
Entry Level Technical Software QA Tester,Transparent Language,
Quality Assurance Engineer,Union,
QA Engineer,Upstart,
Quality Assurance Engineer,ValueLabs,
QA Engineer,Whatnot,
Rethink Behavioral Health - Automation QA Engineer â€“ Mobile (Remote),Whil,
QA Engineer,WorkRamp,
Quality Assurance Engineer,iN2L,
QA Engineer - Local or Remote,"onXmaps, Inc.",
Quality Assurance Engineer,webCemeteries,
QA Analyst,Trianz,"United, PA"
QA Engineer,WarnerMedia,"United, PA"
Quality Assurance Engineer (AS/400),STAND 8 Technology Services,"Universal City, CA"
Quality Assurance Engineer (AS/400),STAND 8 Technology Services,"Universal City, CA"
QA Engineer 3,Dice,"Utah County, UT"
Quality Assurance Engineer,Hoverstate,"Utah, "
Quality Assurance Engineer,Hoverstate,"Utah, "
QA Engineer,"Audacy, Inc.","Vancouver, WA"
QA Engineer,"Audacy, Inc.","Vancouver, WA"
Remote QA Engineer,Apex Systems,"Vernon Hills, IL"
Remote QA Engineer,Dice,"Vernon Hills, IL"
Quality Assurance Engineer,Cellebrite,"Vienna, VA"
Quality Assurance Engineer,Cellebrite,"Vienna, VA"
QA Engineer (m/f/d/x),TeamViewer,"Vienna, VA"
Quality Assurance Engineer,Nuclear Fuel Services,"Virginia, "
Quality Assurance Engineer 3 with Security Clearance,ClearanceJobs,"Waco, TX"
QA Engineer,Alegeus,"Waltham, MA"
QA Engineer,Dice,"Waltham, MA"
QA Tester,Infosys,"Warsaw, MN"
Tester 3 Game QA,Big Fish Games,"Washington County, OR"
QA Analyst,CAQH,"Washington, DC"
Automation Quality Assurance Systems Engineer with Security Clearance,ClearanceJobs,"Washington, DC"
QA Engineer,CoStar Group,"Washington, DC"
QA Engineer,CoStar Group,"Washington, DC"
Lead ETL tester with AWS validations,Expedite Technology Solutions LLC,"Washington, DC"
Junior Software Tester,MetaPhase Consulting,"Washington, DC"
"Software Tester, Principle","NCI Information Systems, Inc","Washington, DC"
"Software Tester, Principle","NCI Information Systems, Inc","Washington, DC"
Software Tester II,Nakupuna Companies,"Washington, DC"
QA Software Tester,PharmDLive Overview,"Washington, DC"
Quality Assurance Analyst,The Washington Post,"Washington, DC"
Quality Assurance Analyst III,Universal Service Administrative Co. (USAC),"Washington, DC"
Quality Assurance Analyst III,Universal Service Administrative Co. (USAC),"Washington, DC"
Quality Assurance Engineer,McDermott Will & Emery,"Washington, IL"
Quality Assurance (QA) Tester,"POS Professional Office Services, Inc.","Waterloo, IA"
QA Engineer - Ascend,Trek Bicycle,"Waterloo, WI"
QA Engineer - BCycle,Trek Bicycle,"Waterloo, WI"
QA Engineer,Trek Bicycle,"Waterloo, WI"
QA Engineer - Ascend,Trek Bicycle,"Waterloo, WI"
QA Engineer - BCycle,Trek Bicycle,"Waterloo, WI"
QA Engineer,Trek Bicycle,"Waterloo, WI"
Quality Assurance Engineer,CorVel Corporation,"Waukesha, WI"
Quality Assurance Engineer,GE Healthcare,"Waukesha, WI"
Quality Assurance Tester,CGI,"Wausau, WI"
Quality Assurance Tester,CGI,"Wausau, WI"
QA Software Engineer (Remote/Hybrid),Dematic,"Wauwatosa, WI"
QA Tester â€“ Selenium Exp Needed - Remote,Alpha Consulting Corp.,"Webster, TX"
Quality Assurance Engineer,CentroMotion,"West Bend, WI"
QA Engineer - Cloud,Oracle,"West Conshohocken, PA"
QA Engineer - Cloud,Oracle,"West Conshohocken, PA"
QA Engineer - Cloud,Oracle,"West Conshohocken, PA"
QA Analyst III,Athene,"West Des Moines, IA"
QUALITY ASSURANCE ENGINEER with Security Clearance,ClearanceJobs,"West Fairfax, VA"
QA Tester,"InvestCloud, Inc.","West Hollywood, CA"
Software Tester,Purdue Federal Credit Union,"West Lafayette, IN"
Tester III - Software Testing,UST,"Westborough, MA"
Tester III - Software Testing,UST,"Westborough, MA"
Automation QA / SDET,"Yoh, A Day & Zimmermann Company","Westlake, TX"
QA Engineer I (Entry-Level),Sovos,"Wilmington, MA"
QA Engineer I (Entry-Level),Sovos,"Wilmington, MA"
QA Engineer III,Sovos,"Wilmington, MA"
QA Engineer,"nCino, Inc.","Wilmington, NC"
QA Engineer,"nCino, Inc.","Wilmington, NC"
Quality Assurance Analyst,Dice,"Windermere, FL"
Quality Assurance Simulation Tester,Industrial Training International,"Woodland, WA"
Quality Assurance Engineer,McMillan Electric Company,"Woodville, WI"
Quality Assurance Engineer,Real Staffing,"Worcester, MA"
Quality Assurance Engineer,Real Staffing,"Worcester, MA"
QA Engineer,"Church & Dwight Co., Inc.","York, PA"
QA Analyst II,"Location, WV",
