Position,Company Name,"Location, States"
WMS QA Tester,Themesoft Inc.,"Houston,  AK"
Penetration Tester (Mid to Senior),Accenture,"Birmingham,  AL"
Quality Tester,JobsInLogistics.com,"Birmingham,  AL"
Quality Technician - Night Shift,Plastipak,"McCalla,  AL"
MGH-Air and Gas Tester,Rheem Manufacturing,"Montgomery,  AL"
Tester,Emerson Automation Solutions,"Rainsville,  AL"
Tester,Kyndryl,"USA,  AL"
EDI Manual Tester,TISTA Science and Technology Corporation,"USA,  AL"
Manual Tester with POS,Dice,"Bentonville,  AR"
Workday Tester,Inherent Technologies,"Bentonville,  AR"
I-Pad Tester,Staffmark,"Rogers,  AR"
I-Pad Tester,Staffmark Group,"Rogers,  AR"
"Tester and Evaluator, Defense Intelligence and Information Enter with Security Clearance",ClearanceJobs,"Arizona City,  AZ"
(HIRING IMMEDIATELY) Self Driving Car Tester ($20 Per Hour M-F),Actalent,"Phoenix,  AZ"
Quality Assurance/Quality Engineer Analyst,M3BI - A Zensar Company,"Phoenix,  AZ"
Salesforce Tester,Nityo Infotech,"Phoenix,  AZ"
Quality Assurance Software Tester,Professional Partners - Mortgage Brokers,"Phoenix,  AZ"
QA & Tester,"Softpath System, LLC","Phoenix,  AZ"
API Tester,TechDigital,"Phoenix,  AZ"
SAP Tester,Beacon Hill Staffing Group,"Scottsdale,  AZ"
Software Tester,Paradox,"Scottsdale,  AZ"
Product Engineer,Universal Electronics,"Scottsdale,  AZ"
Lab Tester,Airswift,"Superior,  AZ"
Tester - Assembly B - 3rd Shift,L3Harris Technologies,"Tempe,  AZ"
Release QA Tester (talech),U.S. Bank,"Tempe,  AZ"
Covid-19 Tester,Richland School District 2,"Bakersfield,  CA"
QA Manual Tester Connectivity,Midas Consulting,"Burlingame,  CA"
QA Tester,VDart,"Burlingame,  CA"
Water Tester zrlacer11,"Lifetime Solutions, Inc.","Cerritos,  CA"
Quality Assurance Tester,Unbroken Studios,"El Segundo,  CA"
Materials Tester II,Atlas,"Folsom,  CA"
ELPAC Testers,Hollister School District,"Hollister,  CA"
Assembler/Tester A,Career Staffing,"Irvine,  CA"
Tester II - 1st Shift,Eaton,"Irvine,  CA"
Quality Tester Associate,Powermatic Associates,"Livermore,  CA"
Quality Assurance Tester,KTek Resourcing,"Los Angeles,  CA"
ELECTRONIC TESTER (2nd SHIFT),"Solid State Devices, Inc. (SSDI)","Los Angeles,  CA"
Covid-19 Tester,Total Testing Solutions,"Los Angeles,  CA"
Hardware QA Tester,myDevices,"Los Angeles,  CA"
Mobile Tester,SBS CORP,"Mountain View,  CA"
QA Tester / Application Support Engineer,Autivision,"Sacramento,  CA"
QA Tester - Fully Remote Working,Gespreksleider Jacobs,"Sacramento,  CA"
PAT Tester,Ideas In Bloom,"Sacramento,  CA"
Tester,Vaderama,"Sacramento,  CA"
Tester B,"Delta Star, Inc.","San Carlos,  CA"
Machinery Tester (GSM/MM),"Nationwide Skilled Trades, Inc.","San Diego,  CA"
Tester I - Embedded Testing,UST,"San Diego,  CA"
Mobile Device Tester,AFL,"San Francisco,  CA"
Parts Tester,iFixit,"San Luis Obispo,  CA"
PCB Test Technician,Harbor Electronics,"Santa Clara,  CA"
Vehicle Technician / Mot Tester / Vehicle Mechanic,Holt Automotive Recruitment,"Trent,  CA"
QA Tester,InvestCloud Financial Supermarketâ„¢ (formerly Tegra118),"West Hollywood,  CA"
Mobile QA Tester,"OCTI, INC.","West Hollywood,  CA"
Quality Control (QC) Tester,Nippon Shokken U.S.A Inc.,"West Sacramento,  CA"
Tester 4,GovCIO,"Aurora,  CO"
WiFi Tester,DISYS,"Centennial,  CO"
Mobile Quality Assurance Tester,Abacus Service Corporation,"Denver,  CO"
Trails Tester/Contractor,Ampcus Inc,"Denver,  CO"
Quality Assurance Tester,Crescens Inc.,"Denver,  CO"
Mobile Quality Assurance Tester,Expedite Technology Solutions LLC,"Denver,  CO"
Manual QA Tester,Frndly TV,"Denver,  CO"
Petroleum Equipment Technician/Tester,"Jones Covey Group, Inc.","Denver,  CO"
"Mobile Quality Assurance Tester / Denver, CO, 6 months",Suncap Technology,"Denver,  CO"
Mobile Quality Assurance Tester,TALENT Software Services,"Denver,  CO"
"Concrete Tester/Loader Operator - Carbondale, CO",United Companies,"Denver,  CO"
Manual Tester (OTT Domain),Infostretch,"Englewood,  CO"
Covid-19 Tester,Valley View Hospital,"Glenwood Springs,  CO"
Transport Acceptance Tester,DISH Network,"Littleton,  CO"
"Assembly & Tester, Associate",Lockheed Martin,"Littleton,  CO"
Electrical Tester,Times Microwave Systems,"Wallingford,  CT"
"Automated Tester, Mid",Booz Allen Hamilton,"Washington,  DC"
Salesforce QA Contract,Calibro Corp.,"Washington,  DC"
ServiceNow Engineer/Tester,"Crystal Management, LLC","Washington,  DC"
QA Tester,IdeaCrew,"Washington,  DC"
508 Developer Tester,ManTech,"Washington,  DC"
QA Software Tester,PharmDLive Overview,"Washington,  DC"
TESTER,Piper Companies,"Washington,  DC"
QA - Dynamics 365 Tester,"Quadrant, Inc.","Washington,  DC"
Manual QA Tester,Ledgent Technology,"Boca Raton,  FL"
Manual Quality Assurance Tester,Robert Half,"Boca Raton,  FL"
Assembler/Tester A,"Arete Technologies, Inc.","Jacksonville,  FL"
Assembler/Tester B,Belcan,"Jacksonville,  FL"
Electronics Tester,Sensible Recycling,"Jacksonville,  FL"
Remote Manual Tester (Backend/SQL),"Software Guidance & Assistance, Inc. (SGA, Inc.)","Jacksonville,  FL"
QA Tester,SecureNet,"Lake Mary,  FL"
QA Tester,SecureNet Technologies,"Lake Mary,  FL"
QA Tester,Arete Global - Recruiting Excellence,"Longwood,  FL"
Software Test Engineer,Liberty IT Solutions,"Melbourne,  FL"
QA Tester,Blue Ocean Ventures,"Miami,  FL"
Software QA Engineer,Sabre Corporation,"Orlando,  FL"
QA Engineer and Tester,General Dynamics Information Technology,"Patrick AFB,  FL"
Tester I - 1st Shift,Jabil,"St Petersburg,  FL"
Salesforce Quality Assurance Tester - REMOTE - $100-115K,Mason Frank International,"Tallahassee,  FL"
QA Tester,Alvarez & Marsal,"Tampa,  FL"
QA Analyst/UAT Tester,Experis,"Tampa,  FL"
ICT FCT Tester,Kimball Electronics,"Tampa,  FL"
Jr. QA Manual Tester - Onsite,"PSR Associates, Inc.","Tampa,  FL"
QA Tester,Axelon Services Corporation,"Alpharetta,  GA"
Tester,"TSR Consulting Services, Inc","Alpharetta,  GA"
QA Tester,AR Systems Inc..,"Atlanta,  GA"
Manual QA Tester,Big Nerd Ranch,"Atlanta,  GA"
QA Tester,Intellisoft Technologies,"Atlanta,  GA"
QA Tester,Linbar Solutions Inc. (LSi),"Atlanta,  GA"
Manual Tester,Vuesol Technologies Inc,"Atlanta,  GA"
Iowa: QA testers needed!,Tester Work,"Des Moines,  IA"
Validation Tester,inSync Staffing,"Indianola,  IA"
Tester Analyst,Spectraforce Technologies,"Muscatine,  IA"
Quality Assurance (QA) Tester,"POS Professional Office Services, Inc.","Waterloo,  IA"
Electrical Tester I,G&W Electric Co.,"Bolingbrook,  IL"
Salesforce Tester,Apolis,"Carol Stream,  IL"
QA Tester,Horizontal Talent,"Chicago,  IL"
"API Testers with CI, Release Management and Browser Stack exp. Chicago, Illinois ( locals preferred)",Infomerica,"Chicago,  IL"
Quality Assurance Tester,Matrix Executions,"Chicago,  IL"
QA Associate/Analyst,PeopleCaddie,"Chicago,  IL"
Product Test Engineer,Simon+James Group,"Clarendon Hills,  IL"
Telematics Tester,Avance Consulting,"Lisle,  IL"
COVID-19 Tester,Chicagoland Testing,"Lombard,  IL"
Cannabis Tester,Zeldavision,"Niles,  IL"
Analyst Tester,FNZ Group,"Home Corner,  IN"
DMV Title Clerk/QA Tester,Fairfax Software,"Indianapolis,  IN"
Fiber Optic Cable Tester,KGPCo,"Warsaw,  IN"
Manual Tester,TriCom Technical Services,"Lenexa,  KS"
Warehouse: IT Asset Disposition Processor/Tester,Pomeroy,"Hebron,  KY"
DWS Admin Tester - Lexington,UPS,"Lexington,  KY"
Accessibility Tester,TEKFORTUNE INC,"Louisville,  KY"
Digital Accessibility Tester,CGI,"Lafayette,  LA"
Quality Assurance Software Tester,"Canal Barge Company, Inc.","New Orleans,  LA"
Web-based SQA manual tester (w2 only),Incendia Partners,"Andover,  MA"
Robotics QA Tester,Dandy Technology,"Boston,  MA"
ATM Tester,Danta Technologies,"Boston,  MA"
Quality Assurance Tester,Experfy,"Boston,  MA"
Device/ Validation Testers,Imetris Corporation,"Boston,  MA"
Quality Assurance Automation Tester,"LanceSoft, Inc.","Boston,  MA"
AWS DevOps Tester,"The Brixton Group, Inc.","Boston,  MA"
Mobility Test Lead +IOT Automation,Infosys,"Cambridge,  MA"
Tester I - 3rd shift,ZOLL Medical Corporation,"Chelmsford,  MA"
Electronic Tester,Microchip Technology Inc.,"Lawrence,  MA"
Selenium Data Warehouse Tester (onsite),Eliassen Group,"Quincy,  MA"
Quality Assurance Tester Co-op,Retail Business Services,"Quincy,  MA"
Mobile tester,WB Solutions LLC,"Quincy,  MA"
QA Tester,"Take-Two Interactive Software, Inc.","Westwood,  MA"
Entry level Quality Tester,Logical Paradigm,"Woburn,  MA"
Tester 2 (Clearance Required),"Orbis Operations, LLC","Annapolis Junction,  MD"
Hearing & Vision Tester (10 Months) - Health Department,City of Baltimore,"Baltimore,  MD"
Salesforce QA Specialist/Tester,"CoreSphere, LLC","Bethesda,  MD"
NCAT Tester,"OnesourcePCS, LLC","Bethesda,  MD"
Tools Tester / Evaluator,"REDLattice, Inc.","Fort Meade,  MD"
SECTION 508 TESTER,UICGS / Bowhead Family of Companies,"Lanham,  MD"
Quality Assurance Tester #: 22-02294,"TalentBurst, an Inc 5000 company","Laurel,  MD"
Tester- Main Frame and Client Server,"Chevo Consulting, LLC","New Carrollton,  MD"
508 Developer/Tester,Delmock Technologies Inc.,"New Carrollton,  MD"
508 Developer / Tester,"Genesis Consulting Partners, LLC","New Carrollton,  MD"
Data Tester,BRMi,"Silver Spring,  MD"
Adult Education Evening Secretary & HiSET Tester,ServingSchools,"Mexico,  ME"
Connected Services Software Tester,Ciber Global,"Auburn Hills,  MI"
Connected Services Software Tester - Intermediate - PSP - JLL101,KYYBA Inc,"Auburn Hills,  MI"
Connected Services Software Tester,Stefanini North America and APAC,"Auburn Hills,  MI"
CONTRACT: Quality Assurance Automation Tester IV,AccruePartners,"Detroit,  MI"
Psychological Tester,CNS Healthcare,"Detroit,  MI"
Quality Assurance Analyst I,ECI Software Solutions,"Holly,  MI"
Tester - Remote,TWO MEN AND A TRUCKÂ®,"Lansing,  MI"
1st shift Quality Tech/Tester,Nesco Resource,"New Baltimore,  MI"
EZ1 Material Tester Clerk,Reckitt,"Zeeland,  MI"
Wire Technician - Test Fixtures,Circuit Check Inc.,"Maple Grove,  MN"
Software Engineer - Remote Nationwide,Optum,"Minneapolis,  MN"
Casual Respiratory Protection Program Fit Tester,Fairview Health Services,"Minneapolisâ€“Saint Paul,  MN"
"QA/Tester (ETL, API, UI)",Genesis10,"Minnetonka,  MN"
Quality Assurance Tester,Prudential Financial,"Plymouth,  MN"
QA Automation Tester,SohanIT Inc,"Richfield,  MN"
Welding tester,"MAT Holdings, Inc.","Springfield,  MN"
Electrical Tester - 2nd Shift,"Johnson Service Group, Inc.","Columbia,  MO"
Inspector & Tester Electronics - any shift,Honeywell,"Kansas City,  MO"
Quality Assurance Tester,SAIC,"Kansas City,  MO"
Electronics Tester,Wabtec Corporation,"Kansas City,  MO"
QA Tester II (remote),DataServ,"Saint Louis,  MO"
Digital Quality Assurance Tester,Bass Pro Shops,"Springfield,  MO"
Cylinder Tester - Mon. - Thurs 10-hr days!,CK Supply,"St Louis,  MO"
Ophthalmic Tester,EyeCare Partners,"St Louis,  MO"
QA Tester #: 20-03382,HireTalent - Diversity Staffing & Recruiting Firm,"St Louis,  MO"
Quality Engineering & Assurance - Delivery - Test Lead,Net2Source Inc.,"St Louis,  MO"
Power Transformer Tester,Hitachi Energy,"Crystal Springs,  MS"
OEM Coil Tester 2nd Shift,Modine Manufacturing Company,"Grenada,  MS"
Gravel Tester,Schellinger Construction,"Columbia Falls,  MT"
Salesforce |CRM/CPQ - QA Tester,CommerceCX,"Cary,  NC"
ADA Tester,Incorporan Inc,"Cary,  NC"
UA Tester,"3Ci, An MAU Company","Charlotte,  NC"
Lead Manual Software Tester,"RIT Solutions, Inc.","Durham,  NC"
Tester Technician,Eastern Connecticut Health Network (ECHN),"Knightdale,  NC"
Tester,Jatca Inc,"Mebane,  NC"
QA Tester,VBeyond Corporation,"Morrisville,  NC"
QA Tester (Manual and Automation) - *** 100% REMOTE FTE ROLE ***,Atrilogy Solutions Group,"Raleigh,  NC"
POS Tester,Insight Global,"Salisbury,  NC"
MAWM/WMS Tester,NR Consulting,"Salisbury,  NC"
Stack Tester,"Civil & Environmental Consultants, Inc.","Wilmington,  NC"
COVID-19 Tester,JG Partners USA,"Wilmington,  NC"
PCS Tester,Schneider Electric,"Winston-Salem,  NC"
QA(UAT) Tester,HUMAC INC,"Bismarck,  ND"
Quality Assurance Tester,Farm Credit Services of America,"Omaha,  NE"
Quality Assurance Tester,Travelex Insurance Services,"Omaha,  NE"
Assembler / Tester,Ultimate Staffing,"Hollis,  NH"
Production/Tester,HW Staffing Solutions,"Salem,  NH"
QA Analyst,RX2 Solutions,"Cherry Hill,  NJ"
Production Validation Tester,Caregility,"Eatontown,  NJ"
QA Tester,RCM Technologies,"Merchantville,  NJ"
QA Analyst,FinTech LLC,"Morristown,  NJ"
QA Analyst,LGZ New Media,"Morristown,  NJ"
QA Tester,"Woongjin, INC.","Ridgefield Park,  NJ"
QA Tester with IBM DB2,"Chandra Technologies, Inc","Trenton,  NJ"
QA Tester,Rose International,"Trenton,  NJ"
API QA Tester,HonorVet Technologies,"Wayne,  NJ"
COVID-19 Dual Vaccinator / Tester - LPN/RN/Paramedic,Premier Medical Group USA,"Carlsbad,  NM"
QA Tester - Development,2K Vegas,"Las Vegas,  NV"
Covid-19 Tester (LPN/RN),BeeperMD,"Las Vegas,  NV"
Digital Casino QA Tester,Caesars Digital,"Las Vegas,  NV"
QA Tester (Temporary) - Vicarious Visions,Blizzard Entertainment,"Albany,  NY"
Quality Assurance Analyst/ETL Tester,CMA,"Albany,  NY"
Web Accessibility Tester / Auditor,Crossfire Consulting,"Albany,  NY"
Tester-11854,"OST, Inc.","Albany,  NY"
Tester Senior,"PSI INTERNATIONAL, Inc.","Albany,  NY"
Mid-Level Tester,Sligo Software Solutions Inc.,"Albany,  NY"
Web Tester Albany NY 11854-02242022,ai Cloud Workforce,"Albany,  NY"
Tester Third Shift,API Heat Transfer,"Arcade,  NY"
QA Manual Tester,Overpass,"Brooklyn,  NY"
Ophthalmic Technician II (Tester),SightMD,"Harrison,  NY"
Test Engineer,Central Semiconductor Corp.,"Hauppauge,  NY"
Salesforce Tester- Remote,Avtech Solutions Inc,"New York,  NY"
Tester - Midlevel 8/4,"Black Sea Systems, LLC","New York,  NY"
QA Engineer - Automated Tester,Eclaro,"New York,  NY"
Respirator Fit Testers,Mobile Health,"New York,  NY"
HRP TESTER,The Financial Information Services Agency,"New York,  NY"
Temp-to-Hire Tester,Crestron Electronics,"Orangeburg,  NY"
QA Tester,"Velan Studios, Inc.","Troy,  NY"
Compliance Tester (BSA Focused),Wright-Patt Credit Union,"Beavercreek,  OH"
QA Tester,Apptek Solutions Group,"Cincinnati,  OH"
JFS - Tester 4 / Test4,Diversified Systems.com,"Columbus,  OH"
"SAP Finance Tester- Columbus, OH","Georgia IT, Inc.","Columbus,  OH"
QA Tester-G3187,Nisum,"Columbus,  OH"
Quality Assurance Software Tester (Software Development Specialist 3),Ohio Department of Mental Health & Addiction Services,"Columbus,  OH"
Data Quality Assurance Tester,ettain group,"Columbus,  OH"
Manual Tester - Onsite_C2H,CCS IT,"Miamisburg,  OH"
Automation Test Engineer,Hyosung America,"Miamisburg,  OH"
QA Analyst/Tester,"Asta CRS, Inc.","Oklahoma City,  OK"
Oilfield Assembler/Tester,Fleet Service of Tulsa LLC,"Tulsa,  OK"
_Tech Support Tester - I,Aditi Consulting,"Hillsboro,  OR"
Quality Assurance Tester - eCommerce Technology,Columbia Sportswear Company,"Portland,  OR"
Manual/Functional Tester,"GSPANN Technologies, Inc","Portland,  OR"
QA Software Tester,Wacom Technology Corp.,"Portland,  OR"
Quality Assurance Tester - eCommerce Technology,Malakye.com,"Salem,  OR"
Balancer Tester A,"Elliott Group, Ebara Corp","Jeannette,  PA"
ACI Concrete Tester,Allan Myers Inc.,"King of Prussia,  PA"
E00909 - QA Tester,Recovery Centers of America,"King of Prussia,  PA"
WiFi Tester,Apidel Technologies,"Philadelphia,  PA"
ICSA Labs - Interop and Proctor tester,"Pinnacle Group, Inc.","Philadelphia,  PA"
Mid-Level Manual Tester,Murtech Consulting,"Pittsburgh,  PA"
Mobile Tester,"Spring Technosoft, Inc.","Pittsburgh,  PA"
NFL/NBA Quality Assurance Tester (Mobile Apps),"YinzCam, Inc.","Pittsburgh,  PA"
System Test Development Engineer,CTDI,"West Chester,  PA"
Electronic Tester,"Stellant Systems, Inc.","Williamsport,  PA"
Field Tester Single Phase-York PA,FirstEnergy,"York,  PA"
Quality Assurance Tester (Entry Level),inMusic,"Cumberland,  RI"
Limited Magnetic Particle Tester/Mechanic,General Dynamics Electric Boat,"North Kingstown,  RI"
Tester Oracle RMS,CERES Group,"Providence,  RI"
SAP Tester,ClifyX,"Woonsocket,  RI"
1st Shift Tester (Prime),Techtronic Industries - TTI,"Anderson,  SC"
ASSOCIATE TESTER/TECHNICIAN,Hitachi Rail,"Batesburg-Leesville,  SC"
Medicaid Quality Assurance Tester,InfoStride,"Columbia,  SC"
MOT Tester / Vehicle Technician,Huisartsenpraktijk Nistelrode,"Grays,  SC"
Manual Software Tester - York,National Family Week Ltd,"Yorkshire,  SC"
MOT Tester,Corporate Practice Law Firm,"Brentford,  SD"
Entry Level Energy Tester,Southern Construction Co,"Knoxville,  TN"
Water Tester - Dollywood's Splash Country Park - Seasonal,Herschend Family Entertainment,"Pigeon Forge,  TN"
"QA Tester (Addison, TX)","Ashley Ellis, Inc","Addison,  TX"
QA - Mainframe - PRE -SYSTEM,"DIVERSANT, LLC","Addison,  TX"
SAP Tester,IT-SCIENT,"Austin,  TX"
Compatibility Tester - Senior (US),ObjectWin Technology,"Austin,  TX"
"Localization QA Tester - Austin, TX",RWS Group,"Austin,  TX"
Compatibility Tester,TEKWISSEN Â®,"Austin,  TX"
Quality Assurance Tester,WIN Reality,"Austin,  TX"
QA Engineer Performance Tester,"Y&L Consulting, Inc.","Austin,  TX"
Manual Tester,Dynasticx LLC,"Dallas,  TX"
Quality Assurance Tester,Leon Consulting Corporation,"Dallas,  TX"
QA Selenium Tester (Entry Level),Magnus Technology Solutions,"Dallas,  TX"
"Bigdata Developer / Tester - Tampa FL / Dallas, TX",SightSpectrum LLC,"Dallas,  TX"
QA Automation Tester - REMOTE,SnapX.ai,"Dallas,  TX"
Manual QA Software Tester - 22-00897,Infinity Consulting Solutions,"Flower Mound,  TX"
Validation Engineer/ Tester I,Advent Global Solutions,"Fort Worth,  TX"
Quality Control Tester I,Core Laboratories,"Godley,  TX"
QA Software Tester (51000243),DXC Technology,"Houston,  TX"
QA Tester with Mobile testing Exp,Infomerica Inc,"Houston,  TX"
QA Tester: Regression Testing,Smith & Associates,"Houston,  TX"
Junior QA Tester,"KellyMitchell Group, Inc","Irving,  TX"
QA Test- Mobile- Contract to Hire,"Yoh, A Day & Zimmermann Company","Irving,  TX"
QA Tester,Visual Concepts,"North Austin Heights,  TX"
"QA Tester, Connected Vehicle","DMI (Digital Management, LLC)","Plano,  TX"
Software QA Engineer,TekPartners,"Southlake,  TX"
QA Tester â€“ Selenium Exp Needed - Remote,Alpha Consulting Corp.,"Webster,  TX"
Mid-level QA Tester (Manual and some Automation experience),ConsultNet,"Draper,  UT"
Manual/Verification Tester,"Autonomous Solutions, Inc. (ASI)","Mendon,  UT"
Software Test Engineer,Awardco,"Provo,  UT"
QA Tester,"Global TechPro, LLC","Arlington,  VA"
Tester - TS/SCI Required,Cgi Technologies Corporation,"Chantilly,  VA"
QA Tester / Analyst,"THE CENTECH GROUP, Inc.","Chantilly,  VA"
Automated QA Tester (Selenium) - 190K with Security Clearance,Velocity Resource Solutions,"Chantilly,  VA"
QA Tester,Falcon IT & Staffing Solutions,"Dulles,  VA"
QA Tester,"MOJA, Inc.","Dulles Town Center,  VA"
FREE QA Automation Tester TRAINING AND PLACEMENT PROGRAM.,CollaboraIT Inc.,"Falls Church,  VA"
Manual Tester,GXM CONSULTING,"Herndon,  VA"
API Tester,TechWish,"Manassas,  VA"
Compliance Tester II-Privacy,Capital One,"McLean,  VA"
DevOps Tester Professional,eSolutionsFirst,"McLean,  VA"
COVID19 Team Member Tester LLH,Riverside Health System,"Newport News,  VA"
Mid Tester,ICONMA,"Reston,  VA"
Testing - Senior Tester,Lumen Solutions Group Inc.,"Reston,  VA"
QI Tester,Truist,"Richmond,  VA"
Tester,Elbit Systems of America,"Roanoke,  VA"
Tester A,Daikin Applied Americas,"Staunton,  VA"
Interface Tester,MicroHealth,"Vienna,  VA"
Data Tester 7415,Seneca Resources,"Vienna,  VA"
Tester - Sagicor Investments Jamaica Limited,Sagicor Group Jamaica Limited,"Jamaica,  VT"
QA Tester II,Denali Advanced Integration,"Redmond,  WA"
IT Quality Assurance Tester â€“ Journey (Project) DOH6243,Washington State Department of Health,"Shoreline,  WA"
Nitrogen/ Helium Leak Tester - Offshore,EnerMech,"Tacoma,  WA"
Firmware Tester 2,Beyondsoft,"Vancouver,  WA"
Quality Assurance Simulation Tester,Industrial Training International,"Woodland,  WA"
Pump Foam Tester - 2nd shift,Pierce Manufacturing,"Appleton,  WI"
Tester I - 1st Shift,Generac Power Systems,"Berlin,  WI"
Quality Tester,"OPW, a Dover Company","De Pere,  WI"
METALS Mechanical Assembler/ Tester -Experienced,"Systems, LLC - Poweramp | DLM","Germantown,  WI"
QA Embedded Tester,Activision Blizzard,"Middleton,  WI"
Large Meter Tester,Badger Meter,"Milwaukee,  WI"
Solenoid Tester,ETE REMAN,"Milwaukee,  WI"
"Cummins - 1st Shift Quality Technician - Tester - Mineral Point, WI",Cummins Inc.,"Mineral Point,  WI"
Station Tester (1st Shift),USEMCO,"Tomah,  WI"
Fresh Engineers/ Drive Testers,SWI - Innovation Delivered,"Alabama, AL"
QA Tester,UZIO,"Alabama, AL"
Tester Analyst SAP Commissions / Semi Senior,Michael Page,"Arkansas, AR"
Game QA Tester,BioSpace,"California, CA"
Quality Assurance Tester,Capleo Global,"California, CA"
Manual QA testers needed in Louisiana (US),Global App Testing,"Louisiana, LA"
Tester/ Counselor,Baltimore City Community College,"Maryland, MD"
DOT Certified Drug Tester,Flossbar,"North Carolina, NC"
QA Tester,Malicis,"New York, NY"
Quality Engineer (Tester),Fusion Technology LLC,"Virginia, VA"
Tester (#20020-0014-44),Mount Airey Group Inc.,"Virginia, VA"
Tester,hankersystems,"Virginia, VA"
Tester 3 Game QA,Big Fish Games,"Washington, WA"
QA Software Tester,Labelmaster,"Washington, WA"
Community Tester,Alberta Health Services,"Greater Fond du Lac Area, "
*API Automation Test Engineer,OpenGov Inc.,"Greater Milwaukee, "
"Web Application Tester, Selenium - Remote",ASRC Federal,Remote
QA Salesforce Tester - Internal project,Allwyn Corporation,Remote
Beta App Tester,Blingy,Remote
QA Tester,CONFLUX,Remote
User Acceptance Tester II (Global Program Products),Compassion International,Remote
Mortgage Loan QA/QC Tester,Consolidated Analytics - NMLS ID# 1645182,Remote
QA Tester (m/f/d),DECA Games,Remote
QA Tester,DataEdge,Remote
QA Automation Engineer,Enexus Global Inc.,Remote
QA Tester - Automation Engineers,Luxoft,Remote
Box Build Technician,NEOTech,Remote
Temperature Need+Screener Tester/COVID-19,"NYC Health + Hospitals, Inc.",Remote
Software QA Tester,Nelnet,Remote
QA Tester,"Nemo IT Solutions, Inc",Remote
Tester,Ness Digital Engineering,Remote
Quality Assurance Tester - Remote,OneDigital,Remote
QA Tester,PamTen Inc,Remote
Remote Data Tester,Param Solutions,Remote
QA Analyst,Praxent,Remote
"QA Tester, open to remote",Revel IT,Remote
QA Tester,Rockbot,Remote
Tester,SGS Consulting,Remote
QA Tester - AAA Sci-Fi FPS Title,Skillsearch Limited,Remote
API QA Tester,The Judge Group,Remote
508 Developer/Tester â€“ IRS DSS,Vectrus,Remote
QA Tester - Datacentric - Remote,Yakshna Solutions,Remote
Web Accessibility Tester,"ZenythGroup, LLC.",Remote
LoanIQ Tester,eClerx,Remote
Quality Assurance Tester,hr tek solution,Remote
