Tester 2 (Clearance Required) with Security Clearance,ClearanceJobs,Annapolis Junction, MD
Tester 2 (Clearance Required),"Orbis Operations, LLC",Annapolis Junction, MD
Mobile Device Tester,AFL,Baltimore, MD
Quality Lab Tester - Baltimore,Career Staffing,Baltimore, MD
Hearing & Vision Tester (10 Months) - Health Department,City of Baltimore,Baltimore, MD
Assistive Technology Tester,Dice,Baltimore, MD
Salesforce QA Specialist/Tester,"CoreSphere, LLC",Bethesda, MD
NCAT Tester,"OnesourcePCS, LLC",Bethesda, MD
NBIS DevOps Tester with Security Clearance,ClearanceJobs,Fort Meade, MD
JITC Zero Trust Cloud Tester with Security Clearance,ClearanceJobs,Fort Meade, MD
Tools Tester / Evaluator,"REDLattice, Inc.",Fort Meade, MD
508 Developer/Tester,Abacus Service Corporation,Lanham, MD
SECTION 508 TESTER,UICGS / Bowhead Family of Companies,Lanham, MD
Quality Assurance Tester #: 22-02294,"TalentBurst, an Inc 5000 company",Laurel, MD
Quality Assurance Tester,"TalentBurst, an Inc 5000 company",Laurel, MD
Immediate API Tester role in Maryland or Austin,Dice,Maryland City, MD
508 Tester,CGI,New Carrollton, MD
Tester- Main Frame and Client Server,"Chevo Consulting, LLC",New Carrollton, MD
508 Developer/Tester,Delmock Technologies Inc.,New Carrollton, MD
508 Developer / Tester,"Genesis Consulting Partners, LLC",New Carrollton, MD
Data Tester,BRMi,Silver Spring, MD
Tester,Booz Allen Hamilton,Silver Spring, MD
Penetration Tester (Mid to Senior),Accenture,Windsor Mill, MD
