Mobile Device Tester,AFL,Albany, NY
Penetration Tester (Mid to Senior),Accenture,Albany, NY
QA Tester (Temporary) - Vicarious Visions,Blizzard Entertainment,Albany, NY
Quality Assurance Analyst/ETL Tester,CMA,Albany, NY
Web Accessibility Tester / Auditor,Crossfire Consulting,Albany, NY
Tester,Dice,Albany, NY
Mid-Level Tester,Dice,Albany, NY
QA Engineer - Automated Tester,Dice,Albany, NY
QA Engineer Automated Tester,Dice,Albany, NY
Tester-11854,"OST, Inc.",Albany, NY
Tester Senior,"PSI INTERNATIONAL, Inc.",Albany, NY
Mid-Level Tester,Sligo Software Solutions Inc.,Albany, NY
QA Engineer - Automated Tester,Themesoft Inc.,Albany, NY
Web Tester Albany NY 11854-02242022,ai Cloud Workforce,Albany, NY
Tester Third Shift,API Heat Transfer,Arcade, NY
Mid Quality Assurance Tester,Dice,Armonk, NY
QA Manual Tester,Overpass,Brooklyn, NY
Ophthalmic Technician II (Tester),SightMD,Harrison, NY
Test Engineer,Central Semiconductor Corp.,Hauppauge, NY
NBIS DevOps Tester/Selenium with Security Clearance,ClearanceJobs,Maryland, NY
Penetration Tester (Mid to Senior),Accenture,Melville, NY
Penetration Tester (Mid to Senior),Accenture,New York, NY
Salesforce Tester- Remote,Avtech Solutions Inc,New York, NY
Tester - Midlevel 8/4,"Black Sea Systems, LLC",New York, NY
Peoplesoft HCM Tester,Cognizant,New York, NY
Salesforce Tester with Provar tool experience,Cognizant,New York, NY
Oracle ERP Tester,Cognizant,New York, NY
Salesforce Tester- Remote,Dice,New York, NY
Mainframe QA Tester,Dice,New York, NY
QA Tester,Dice,New York, NY
QA Engineer - Automated Tester,Eclaro,New York, NY
Respirator Fit Testers,Mobile Health,New York, NY
Ophthalmic Technician II (Tester),SightMD,New York, NY
Ophthalmic Technician II/III (Tester/Scribe),SightMD,New York, NY
HRP TESTER,The Financial Information Services Agency,New York, NY
DWS Tester - Island City,UPS,New York, NY
QA Tester,eTeam,New York, NY
Temp-to-Hire Tester,Crestron Electronics,Orangeburg, NY
SAP Tester,Dice,Syracuse, NY
Veeva Tester,Diverse Lynx,Tarrytown, NY
QA Tester,"Velan Studios, Inc.",Troy, NY
ServiceNow Tester,Cognizant,White Plains, NY
