"QA Tester (Addison, TX)","Ashley Ellis, Inc",Addison, TX
QA - Mainframe - PRE -SYSTEM,"DIVERSANT, LLC",Addison, TX
Penetration Tester (Mid to Senior),Accenture,Austin, TX
Covid-19 Tester (LPN/RN),BeeperMD,Austin, TX
Compatibility Tester,Dice,Austin, TX
QA Engineer Performance Tester,Dice,Austin, TX
SAP Tester,Dice,Austin, TX
TeamConnect QA/Tester,Dice,Austin, TX
Compatibility Tester,Experis,Austin, TX
SAP Tester,IT-SCIENT,Austin, TX
Compatibility Tester - Senior (US),ObjectWin Technology,Austin, TX
"Localization QA Tester - Austin, TX",RWS Group,Austin, TX
"Ukranian and Japanese Localization QA Testers - Austin, TX",RWS Group,Austin, TX
Compatibility Tester,TEKWISSEN ®,Austin, TX
Quality Assurance Tester,WIN Reality,Austin, TX
QA Engineer Performance Tester,"Y&L Consulting, Inc.",Austin, TX
Penetration Tester (Mid to Senior),Accenture,Dallas, TX
PEGA Tester,Cognizant,Dallas, TX
SAP Tester,Cognizant,Dallas, TX
QA Tester with Oracle HCM,Cognizant,Dallas, TX
QA Automation Tester,Cognizant,Dallas, TX
Manual Tester,Dice,Dallas, TX
Manual Tester (Onsite ),Dice,Dallas, TX
Control Tester,Dice,Dallas, TX
Functional QA Mobile Tester,Dice,Dallas, TX
WMS QA Tester,Dice,Dallas, TX
Quality Assurance Automation Tester,Dice,Dallas, TX
Banking and Payments Domain Experienced Tester -,Diverse Lynx,Dallas, TX
Manual Tester,Dynasticx LLC,Dallas, TX
Quality Assurance Tester,Leon Consulting Corporation,Dallas, TX
QA Selenium Tester (Entry Level),Magnus Technology Solutions,Dallas, TX
"Bigdata Developer / Tester - Tampa FL / Dallas, TX",SightSpectrum LLC,Dallas, TX
QA Automation Tester - REMOTE,SnapX.ai,Dallas, TX
Electrical Tester- 1st shift,Career Staffing,El Paso, TX
Manual QA Software Tester - 22-00897,Infinity Consulting Solutions,Flower Mound, TX
Validation Engineer/ Tester I,Advent Global Solutions,Fort Worth, TX
Business Acceptance Tester,Career Staffing,Fort Worth, TX
Validation Engineer / Tester I,Career Staffing,Fort Worth, TX
Validation Engineer/ Tester I,Career Staffing,Fort Worth, TX
"Manual Tester SQL, Troubleshoot - Ft. Worth, TX 30030",Dice,Fort Worth, TX
Validation Engineer/ Tester I,eTeam,Fort Worth, TX
Quality Control Tester I,Core Laboratories,Godley, TX
Hiring Immediately Gaming Electronics Tester and Techs,JobsInLogistics.com,Grapevine, TX
Penetration Tester (Mid to Senior),Accenture,Houston, TX
Covid-19 Tester (LPN/RN),BeeperMD,Houston, TX
QA/QC Tester,Career Staffing,Houston, TX
Entry level QA Automation Tester,Core Software Technologies Inc,Houston, TX
QA Software Tester (51000243),DXC Technology,Houston, TX
Role:AWS Tester - Direct Client - C2C.,Dice,Houston, TX
Role:AWS Tester - Direct Client - C2C.,Infomerica,Houston, TX
QA Tester with Mobile testing Exp,Infomerica Inc,Houston, TX
Quality Assurance Tester,Robert Half,Houston, TX
QA Tester: Regression Testing,Smith & Associates,Houston, TX
Penetration Tester (Mid to Senior),Accenture,Irving, TX
QA Tester,Apex Systems,Irving, TX
QA Automation Tester,Collabera Inc.,Irving, TX
QA Manual Tester,Dice,Irving, TX
QA Tester,Dice,Irving, TX
QA Automation Tester Tester/SDET,Dice,Irving, TX
QA Automation Tester,Dice,Irving, TX
Junior QA Tester,"KellyMitchell Group, Inc",Irving, TX
IBM MDM Tester,Nityo Infotech,Irving, TX
QA Test- Mobile- Contract to Hire,"Yoh, A Day & Zimmermann Company",Irving, TX
QA Tester,Visual Concepts,North Austin Heights, TX
Penetration Tester (Mid to Senior),Accenture,Plano, TX
"QA Tester, Connected Vehicle","DMI (Digital Management, LLC)",Plano, TX
QA Functional Tester with Telematics,Dice,Plano, TX
QA Tester,eTeam,Richardson, TX
Penetration Tester (Mid to Senior),Accenture,San Antonio, TX
QA Automation Engineer,Inherent Technologies,San Antonio, TX
Software QA Engineer,TekPartners,Southlake, TX
QA Tester – Selenium Exp Needed - Remote,Alpha Consulting Corp.,Webster, TX
