p,o,s,i,t,i,o,n
c,o,m,p,a,n,y
l,o,c,a,t,i,o,n
s,t,a,t,e,s
""
Broadcam Tester,Dice,Bellevue, WA
""
Broadcam Tester,Dice,Bellevue, WA
Manual Tester,Diverse Lynx,Bellevue, WA
""
Broadcam Tester,Dice,Bellevue, WA
Manual Tester,Diverse Lynx,Bellevue, WA
Manual Test,Diverse Lynx,Bellevue, WA
""
Broadcam Tester,Dice,Bellevue, WA
Manual Tester,Diverse Lynx,Bellevue, WA
Manual Test,Diverse Lynx,Bellevue, WA
Quality Assurance Tester,Robert Half,Bellevue, WA
""
Broadcam Tester,Dice,Bellevue, WA
Manual Tester,Diverse Lynx,Bellevue, WA
Manual Test,Diverse Lynx,Bellevue, WA
Quality Assurance Tester,Robert Half,Bellevue, WA
QA Tester - Mobile Games,2K Vegas,Kirkland, WA
""
Broadcam Tester,Dice,Bellevue, WA
Manual Tester,Diverse Lynx,Bellevue, WA
Manual Test,Diverse Lynx,Bellevue, WA
Quality Assurance Tester,Robert Half,Bellevue, WA
QA Tester - Mobile Games,2K Vegas,Kirkland, WA
Penetration Tester (Mid to Senior),Accenture,Kirkland, WA
""
Broadcam Tester,Dice,Bellevue, WA
Manual Tester,Diverse Lynx,Bellevue, WA
Manual Test,Diverse Lynx,Bellevue, WA
Quality Assurance Tester,Robert Half,Bellevue, WA
QA Tester - Mobile Games,2K Vegas,Kirkland, WA
Penetration Tester (Mid to Senior),Accenture,Kirkland, WA
Penetration Tester (Mid to Senior),Accenture,Redmond, WA
""
Broadcam Tester,Dice,Bellevue, WA
Manual Tester,Diverse Lynx,Bellevue, WA
Manual Test,Diverse Lynx,Bellevue, WA
Quality Assurance Tester,Robert Half,Bellevue, WA
QA Tester - Mobile Games,2K Vegas,Kirkland, WA
Penetration Tester (Mid to Senior),Accenture,Kirkland, WA
Penetration Tester (Mid to Senior),Accenture,Redmond, WA
QA Tester II,Denali Advanced Integration,Redmond, WA
""
Broadcam Tester,Dice,Bellevue, WA
Manual Tester,Diverse Lynx,Bellevue, WA
Manual Test,Diverse Lynx,Bellevue, WA
Quality Assurance Tester,Robert Half,Bellevue, WA
QA Tester - Mobile Games,2K Vegas,Kirkland, WA
Penetration Tester (Mid to Senior),Accenture,Kirkland, WA
Penetration Tester (Mid to Senior),Accenture,Redmond, WA
QA Tester II,Denali Advanced Integration,Redmond, WA
Mobile Tester,Dice,Redmond, WA
""
Broadcam Tester,Dice,Bellevue, WA
Manual Tester,Diverse Lynx,Bellevue, WA
Manual Test,Diverse Lynx,Bellevue, WA
Quality Assurance Tester,Robert Half,Bellevue, WA
QA Tester - Mobile Games,2K Vegas,Kirkland, WA
Penetration Tester (Mid to Senior),Accenture,Kirkland, WA
Penetration Tester (Mid to Senior),Accenture,Redmond, WA
QA Tester II,Denali Advanced Integration,Redmond, WA
Mobile Tester,Dice,Redmond, WA
LTE Tester,Dice,Redmond, WA
""
Broadcam Tester,Dice,Bellevue, WA
Manual Tester,Diverse Lynx,Bellevue, WA
Manual Test,Diverse Lynx,Bellevue, WA
Quality Assurance Tester,Robert Half,Bellevue, WA
QA Tester - Mobile Games,2K Vegas,Kirkland, WA
Penetration Tester (Mid to Senior),Accenture,Kirkland, WA
Penetration Tester (Mid to Senior),Accenture,Redmond, WA
QA Tester II,Denali Advanced Integration,Redmond, WA
Mobile Tester,Dice,Redmond, WA
LTE Tester,Dice,Redmond, WA
Mobile Device Tester,AFL,Seattle, WA
""
Broadcam Tester,Dice,Bellevue, WA
Manual Tester,Diverse Lynx,Bellevue, WA
Manual Test,Diverse Lynx,Bellevue, WA
Quality Assurance Tester,Robert Half,Bellevue, WA
QA Tester - Mobile Games,2K Vegas,Kirkland, WA
Penetration Tester (Mid to Senior),Accenture,Kirkland, WA
Penetration Tester (Mid to Senior),Accenture,Redmond, WA
QA Tester II,Denali Advanced Integration,Redmond, WA
Mobile Tester,Dice,Redmond, WA
LTE Tester,Dice,Redmond, WA
Mobile Device Tester,AFL,Seattle, WA
Penetration Tester (Mid to Senior),Accenture,Seattle, WA
""
Broadcam Tester,Dice,Bellevue, WA
Manual Tester,Diverse Lynx,Bellevue, WA
Manual Test,Diverse Lynx,Bellevue, WA
Quality Assurance Tester,Robert Half,Bellevue, WA
QA Tester - Mobile Games,2K Vegas,Kirkland, WA
Penetration Tester (Mid to Senior),Accenture,Kirkland, WA
Penetration Tester (Mid to Senior),Accenture,Redmond, WA
QA Tester II,Denali Advanced Integration,Redmond, WA
Mobile Tester,Dice,Redmond, WA
LTE Tester,Dice,Redmond, WA
Mobile Device Tester,AFL,Seattle, WA
Penetration Tester (Mid to Senior),Accenture,Seattle, WA
Quality Assurance Tester,Career Staffing,Seattle, WA
""
Broadcam Tester,Dice,Bellevue, WA
Manual Tester,Diverse Lynx,Bellevue, WA
Manual Test,Diverse Lynx,Bellevue, WA
Quality Assurance Tester,Robert Half,Bellevue, WA
QA Tester - Mobile Games,2K Vegas,Kirkland, WA
Penetration Tester (Mid to Senior),Accenture,Kirkland, WA
Penetration Tester (Mid to Senior),Accenture,Redmond, WA
QA Tester II,Denali Advanced Integration,Redmond, WA
Mobile Tester,Dice,Redmond, WA
LTE Tester,Dice,Redmond, WA
Mobile Device Tester,AFL,Seattle, WA
Penetration Tester (Mid to Senior),Accenture,Seattle, WA
Quality Assurance Tester,Career Staffing,Seattle, WA
"PCAT Tester in LTE, 5G NW",Diverse Lynx,Seattle, WA
""
Broadcam Tester,Dice,Bellevue, WA
Manual Tester,Diverse Lynx,Bellevue, WA
Manual Test,Diverse Lynx,Bellevue, WA
Quality Assurance Tester,Robert Half,Bellevue, WA
QA Tester - Mobile Games,2K Vegas,Kirkland, WA
Penetration Tester (Mid to Senior),Accenture,Kirkland, WA
Penetration Tester (Mid to Senior),Accenture,Redmond, WA
QA Tester II,Denali Advanced Integration,Redmond, WA
Mobile Tester,Dice,Redmond, WA
LTE Tester,Dice,Redmond, WA
Mobile Device Tester,AFL,Seattle, WA
Penetration Tester (Mid to Senior),Accenture,Seattle, WA
Quality Assurance Tester,Career Staffing,Seattle, WA
"PCAT Tester in LTE, 5G NW",Diverse Lynx,Seattle, WA
PCAT Tester,FinTech LLC,Seattle, WA
""
Broadcam Tester,Dice,Bellevue, WA
Manual Tester,Diverse Lynx,Bellevue, WA
Manual Test,Diverse Lynx,Bellevue, WA
Quality Assurance Tester,Robert Half,Bellevue, WA
QA Tester - Mobile Games,2K Vegas,Kirkland, WA
Penetration Tester (Mid to Senior),Accenture,Kirkland, WA
Penetration Tester (Mid to Senior),Accenture,Redmond, WA
QA Tester II,Denali Advanced Integration,Redmond, WA
Mobile Tester,Dice,Redmond, WA
LTE Tester,Dice,Redmond, WA
Mobile Device Tester,AFL,Seattle, WA
Penetration Tester (Mid to Senior),Accenture,Seattle, WA
Quality Assurance Tester,Career Staffing,Seattle, WA
"PCAT Tester in LTE, 5G NW",Diverse Lynx,Seattle, WA
PCAT Tester,FinTech LLC,Seattle, WA
PCAT Tester,LGZ New Media,Seattle, WA
""
Broadcam Tester,Dice,Bellevue, WA
Manual Tester,Diverse Lynx,Bellevue, WA
Manual Test,Diverse Lynx,Bellevue, WA
Quality Assurance Tester,Robert Half,Bellevue, WA
QA Tester - Mobile Games,2K Vegas,Kirkland, WA
Penetration Tester (Mid to Senior),Accenture,Kirkland, WA
Penetration Tester (Mid to Senior),Accenture,Redmond, WA
QA Tester II,Denali Advanced Integration,Redmond, WA
Mobile Tester,Dice,Redmond, WA
LTE Tester,Dice,Redmond, WA
Mobile Device Tester,AFL,Seattle, WA
Penetration Tester (Mid to Senior),Accenture,Seattle, WA
Quality Assurance Tester,Career Staffing,Seattle, WA
"PCAT Tester in LTE, 5G NW",Diverse Lynx,Seattle, WA
PCAT Tester,FinTech LLC,Seattle, WA
PCAT Tester,LGZ New Media,Seattle, WA
IT Quality Assurance Tester – Journey (Project) DOH6243,Washington State Department of Health,Shoreline, WA
""
Broadcam Tester,Dice,Bellevue, WA
Manual Tester,Diverse Lynx,Bellevue, WA
Manual Test,Diverse Lynx,Bellevue, WA
Quality Assurance Tester,Robert Half,Bellevue, WA
QA Tester - Mobile Games,2K Vegas,Kirkland, WA
Penetration Tester (Mid to Senior),Accenture,Kirkland, WA
Penetration Tester (Mid to Senior),Accenture,Redmond, WA
QA Tester II,Denali Advanced Integration,Redmond, WA
Mobile Tester,Dice,Redmond, WA
LTE Tester,Dice,Redmond, WA
Mobile Device Tester,AFL,Seattle, WA
Penetration Tester (Mid to Senior),Accenture,Seattle, WA
Quality Assurance Tester,Career Staffing,Seattle, WA
"PCAT Tester in LTE, 5G NW",Diverse Lynx,Seattle, WA
PCAT Tester,FinTech LLC,Seattle, WA
PCAT Tester,LGZ New Media,Seattle, WA
IT Quality Assurance Tester – Journey (Project) DOH6243,Washington State Department of Health,Shoreline, WA
Nitrogen/ Helium Leak Tester - Offshore,EnerMech,Tacoma, WA
""
Broadcam Tester,Dice,Bellevue, WA
Manual Tester,Diverse Lynx,Bellevue, WA
Manual Test,Diverse Lynx,Bellevue, WA
Quality Assurance Tester,Robert Half,Bellevue, WA
QA Tester - Mobile Games,2K Vegas,Kirkland, WA
Penetration Tester (Mid to Senior),Accenture,Kirkland, WA
Penetration Tester (Mid to Senior),Accenture,Redmond, WA
QA Tester II,Denali Advanced Integration,Redmond, WA
Mobile Tester,Dice,Redmond, WA
LTE Tester,Dice,Redmond, WA
Mobile Device Tester,AFL,Seattle, WA
Penetration Tester (Mid to Senior),Accenture,Seattle, WA
Quality Assurance Tester,Career Staffing,Seattle, WA
"PCAT Tester in LTE, 5G NW",Diverse Lynx,Seattle, WA
PCAT Tester,FinTech LLC,Seattle, WA
PCAT Tester,LGZ New Media,Seattle, WA
IT Quality Assurance Tester – Journey (Project) DOH6243,Washington State Department of Health,Shoreline, WA
Nitrogen/ Helium Leak Tester - Offshore,EnerMech,Tacoma, WA
Firmware Tester 2,Beyondsoft,Vancouver, WA
""
Broadcam Tester,Dice,Bellevue, WA
Manual Tester,Diverse Lynx,Bellevue, WA
Manual Test,Diverse Lynx,Bellevue, WA
Quality Assurance Tester,Robert Half,Bellevue, WA
QA Tester - Mobile Games,2K Vegas,Kirkland, WA
Penetration Tester (Mid to Senior),Accenture,Kirkland, WA
Penetration Tester (Mid to Senior),Accenture,Redmond, WA
QA Tester II,Denali Advanced Integration,Redmond, WA
Mobile Tester,Dice,Redmond, WA
LTE Tester,Dice,Redmond, WA
Mobile Device Tester,AFL,Seattle, WA
Penetration Tester (Mid to Senior),Accenture,Seattle, WA
Quality Assurance Tester,Career Staffing,Seattle, WA
"PCAT Tester in LTE, 5G NW",Diverse Lynx,Seattle, WA
PCAT Tester,FinTech LLC,Seattle, WA
PCAT Tester,LGZ New Media,Seattle, WA
IT Quality Assurance Tester – Journey (Project) DOH6243,Washington State Department of Health,Shoreline, WA
Nitrogen/ Helium Leak Tester - Offshore,EnerMech,Tacoma, WA
Firmware Tester 2,Beyondsoft,Vancouver, WA
Quality Assurance Simulation Tester,Industrial Training International,Woodland, WA
