Position,Company Name,Location
Business Analyst,Aditi Consulting,"Dallas, TX"
Business Analyst,Advance Auto Parts,"Dallas, TX"
Senior Business Analyst,Affirm,"Dallas, TX"
Business Analyst Manager,"Agero, Inc.","Dallas, TX"
Business Analyst - Warehouse/Logisitics,"Alleare Consulting, LLC.","Irving, TX"
Business Analyst,American Heart Association,"Dallas, TX"
Project Manager/Business Analyst with Data Warehouse,Anblicks,"Dallas, TX"
Senior Business Analyst - Marketing Analytics,Angi,"Dallas, TX"
Business Analyst III - Risk Adjustment,"Anthem, Inc.","Dallas, TX"
Business Analyst,Apex Systems,"Dallas, TX"
Business Analyst,Apolis,"Dallas, TX"
Business Analyst II,Applied Systems,"Lewisville, TX"
Senior Business Analyst - Payroll Systems - REMOTE,Aramark,"Dallas, TX"
Technical Business Analyst,ARTERIORS Home,"Lewisville, TX"
Business Analyst | Scrum Master,Arthur Grand Technologies,"Fruitdale, TX"
Business Analyst,"Ashley Ellis, Inc","Irving, TX"
Technical Business Analyst- Salesforce,Axelon Services Corporation,"Dallas, TX"
Business Analyst,Baker Tilly US,"Dallas, TX"
Cloud Business Analyst,Bank of America,"Addison, TX"
Technical Business Analyst,BI Solutions Inc,"Dallas, TX"
Business Analyst,"Bottle Rocket, an Ogilvy Experience Company","Dallas, TX"
Salesforce Senior Business Analyst,BravoTECH,"Carrollton, TX"
Business Analyst,BSI Financial Services,"Irving, TX"
Lead Business Analyst (AVP of Business Analysis),"Caliber Home Loans, Inc.","Coppell, TX"
Remote Senior Business Analyst (Medical Devices),Capgemini Engineering,"Fort Worth, TX"
Business Analyst,Career Staffing,"Fort Worth, TX"
Business Analyst/Technology,CareerAddict,"Dallas, TX"
Business Analyst & QA Lead,CareExpand,Dallas-Fort Worth Metroplex
Finance and Business Analyst- Entry Level,Celanese,"Irving, TX"
Business Analyst - Campus Recruiting,CGI,"Dallas, TX"
Business Analyst - Loan Servicing,CIVIC Financial Services,"Dallas, TX"
Business Analyst,Cognizant,"Dallas, TX"
Business Analyst,Collabera Inc.,"Irving, TX"
IS Business Analyst I,Concentra,"Addison, TX"
Business Analyst-Technical Writer-Process Mapping,Consolidated Analytics - NMLS ID# 1645182,"Dallas, TX"
Business Analyst,Constellation Software Inc.,"Arlington, TX"
Senior Salesforce Business Analyst (Jersey City),ConsultNet,"Coppell, TX"
Business Analyst,Cottonwood Financial,"Irving, TX"
Business Analyst,CRS Group,"Richardson, TX"
Business Analyst,Cushman & Wakefield,"Dallas, TX"
Fintech - Business Analyst,Dagen,"Dallas, TX"
SQL & Data Business Analyst [onsite in Atlanta or remote]],DATAMTX LLC,"Dallas, TX"
Lead Business Analyst or Product Owner,DCM Infotech Limited,"Dallas, TX"
Jr. Business Analyst (100% Remote),Dice,"Dallas, TX"
100% REMOTE - Business Analyst / Capability Analyst,DISYS,"Irving, TX"
IT Business Analyst IV,"DIVERSANT, LLC","Addison, TX"
Business Analyst,Diverse Lynx,"Irving, TX"
Software Engineer (Senior Developer/Business Analyst),EdvenSoft Solutions,"Irving, TX"
Business Analyst II,Elevate,"Fort Worth, TX"
Business Analyst - Data Reporting,Eliassen Group,"Westlake, TX"
Commercial Business Analyst,Employer Direct Healthcare,"Dallas, TX"
Business Analyst,Empower Professionals Inc,"Dallas, TX"
Business Analyst cum Tester,eTeam,"Fort Worth, TX"
Client Technology - Business Analyst,EY,"Dallas, TX"
IT Business Analyst,Fay Financial,"Farmers Branch, TX"
Digital Solutions Business Analyst,Fidelity Investments,"Westlake, TX"
Business Analyst with Wholesale Banking,FinTech LLC,"Irving, TX"
Project Business Analyst Technician III (Intern),Fluor Corporation,"Dallas, TX"
Senior Business Analyst/Developer,Focus Capital Markets,"Dallas, TX"
BRM Business Analyst,Freeman Company,"Dallas, TX"
Business Analyst II - Salary Analytics & Decision Support,Fresenius Medical Care North America,"Irving, TX"
Business Analyst/Technical Trainer,FRG Technology Consulting,"Dallas, TX"
Salesforce Sr. Business Analyst,Fujitsu,"Dallas, TX"
Business Analyst,GameStop,"Grapevine, TX"
Business Analyst/Project Manager,"GDS Link, LLC","Dallas, TX"
PES-GENERAL-Business Analyst-020722,Generis Tek Inc,"Dallas, TX"
IT Business Analyst,Genesis10,"Addison, TX"
IT Business Analyst with Salesforce Cloud Commerce,Genuent,"Addison, TX"
Business Analyst - Identity and Access Management (Remote),GuidePoint Security,"Dallas, TX"
Business Analyst,Hilltop Holdings,"Dallas, TX"
IT - Associate Business Analyst | Analytics - Functional | Business Analyst,"Hire IT People, Inc","Irving, TX"
Business Analyst - IV #: 22-01157,HireTalent - Diversity Staffing & Recruiting Firm,"Dallas, TX"
Business Analyst,Hitachi Vantara,"Dallas, TX"
Senior Business Analyst - Marketing Analytics,HomeAdvisor,"Dallas, TX"
Business Analyst,HonorVet Technologies,"Dallas, TX"
Business Analyst,Horace Mann,"Dallas, TX"
Sr. Technical Business Analyst,HUMAC INC,"Irving, TX"
2022 Graduate Program – Financial Services Solutions – Business Analyst,IHS Markit,"Dallas, TX"
Business Analyst - III,Infinity Consulting Solutions,"Dallas, TX"
Technical Business Analyst,Insight Global,Dallas-Fort Worth Metroplex
Sales Operations Business Analyst,Integrity Marketing Group LLC,"Dallas, TX"
Business Analyst IVR,"InterSources Inc - SBA Certified, Minority & Women-Owned Certified Enterprise.","Irving, TX"
BNY Business Analyst 1,Iron Mountain,"Dallas, TX"
Business Analyst,ITAC Solutions,"Dallas, TX"
Technical Business Analyst,"itkip, LLC",Dallas-Fort Worth Metroplex
Senior Business Analyst,JLL,"Dallas, TX"
Senior Business Analyst,JLL Technologies,"Dallas, TX"
Business Analyst,Jobs via eFinancialCareers,"Dallas, TX"
Business Analyst,Johnson Controls,"Irving, TX"
Business Analyst with Banking Domain Exp.,Kani Solutions Inc,"Irving, TX"
Sales Force Business analyst,"KAYGEN, Inc.","Irving, TX"
Business Analyst,Kelly,"Richardson, TX"
Program Management Business Analyst,"KellyMitchell Group, Inc","Irving, TX"
Business Analyst 1,Kemper,"Dallas, TX"
Business Analyst,LeadStack Inc.,"Fort Worth, TX"
Technical Business Analyst,Lennox International,"Richardson, TX"
Business Analyst,LGZ New Media,"Dallas, TX"
Business Analyst - Fleet Pricing,Love's Travel Stops,"Dallas, TX"
Tech Business Analyst - AbInitio,LTI - Larsen & Toubro Infotech,"Irving, TX"
SAP CO (Controlling) Business Analyst - Remote,Markem-Imaje,"Dallas, TX"
Salesforce Business Analyst - Fully Remote - 110K,Mason Frank International,"Dallas, TX"
ATTP Sr Business Analyst,McKesson,"Irving, TX"
Business Analyst,MedeAnalytics,"Richardson, TX"
Senior Hybris (SAP) Business Analyst,Merkle,"Dallas, TX"
Business Analyst,"Metasys Technologies, Inc.","Dallas, TX"
BUSINESS ANALYST DEC SUP MMG,Methodist Health System,"Dallas, TX"
Business Analyst-Automation,Michael Page,"Dallas, TX"
Business Analyst,Mindteck,"Westlake, TX"
Business Analyst II,Mouser Electronics,"Mansfield, TX"
Financial Business Analyst,MRI Software,"Dallas, TX"
SAP Business Analyst,MSCG // My Supply Chain Group LLC,"Dallas, TX"
Entry Level Business Analyst,National Software Management,"Dallas, TX"
Business Analyst,Nesco Resource,"Fort Worth, TX"
Business Analyst I,NFI,"Dallas, TX"
"Dynamics NAV Business Analyst - Lewisville, TX - $90k",Nigel Frank International,"Lewisville, TX"
Life and Annuities Conversion Business Analyst - Remote U.S.,NTT DATA Services,"Dallas, TX"
Technical Business Analyst,Omnicell,"Dallas, TX"
Business Analyst,OmniSYS (healthcare),"Dallas, TX"
Business Analyst,Optomi,"Dallas, TX"
Quality Business Analyst - Remote,Optum,"Dallas, TX"
"Business Analyst, ORIX Back Office",ORIX Corporation USA,"Dallas, TX"
"Sr, IT Business Analyst",Overhead Door Products,"Lewisville, TX"
"Sr Business Analyst, People Systems",Pacific Dental Services,"Irving, TX"
Business Analyst,PDI Software,"Dallas, TX"
Business Analyst,People10 Technologies Inc.,"Dallas, TX"
Entry Level Business Analyst - New Grads,Perficient,"Dallas, TX"
Business Analyst (Gen),"Pinnacle Group, Inc.","Addison, TX"
wmA Business Analyst-100%Remote,Pomeroy,"Dallas, TX"
Business Analyst Senior,Procom,"Dallas, TX"
"Sr. Business Analyst -Dallas, Texas",Projé,"Dallas, TX"
Technical Business Analyst - Financial Services,projekt202,"Dallas, TX"
"Cybersecurity - ServiceNow - Business Analyst, Associate",PwC,"Dallas, TX"
Business Analyst,"Pyramid Consulting, Inc","Irving, TX"
Business Analyst,Rackspace Technology,"Dallas, TX"
Business Analyst - Fidelity RESUME Program,reacHIRE,"Westlake, TX"
Business Analyst / Product Owner – SaaS Product Management (Agile),Recruiting For Less,"Dallas, TX"
Business Analyst,Republic National Distributing Company,"Grand Prairie, TX"
Salesforce Business Analyst,Rightpoint,"Dallas, TX"
Business Analysts,"RIT Solutions, Inc.","Dallas, TX"
Business Analyst/Program Manager/Regulatory & Compliance/Investment Bank,RMS Computer Corporation,"Irving, TX"
Business Analyst,Robert Half,"Dallas, TX"
Business Analyst,Roofstock,"Dallas, TX"
Entry Level Business Analyst,RootLiquids,"Dallas, TX"
Senior Business Analyst,Ryan,"Dallas, TX"
Business Analyst,Securonix,"Addison, TX"
Business Analyst,Sedgwick,"North Richland Hills, TX"
Business Analyst,Smart AutoCare,"Richardson, TX"
"Senior Business Analyst, Platform Integrity",Snap Inc.,"Dallas, TX"
Business Analyst,"Software Guidance & Assistance, Inc. (SGA, Inc.)","Coppell, TX"
Need Technical Business Analyst,SPAR Information Systems LLC,"Dallas, TX"
Business Analyst (PMO),Spectrum,"Dallas, TX"
Business Analyst,Stefanini North America and APAC,"Dallas, TX"
"Senior Business Analyst/Architect - Dallas, TX (Remote till COVID situation prevails)",SynapOne,"Dallas, TX"
Sr. Business Analyst (AEM),TA Digital,"Dallas, TX"
Salesforce Business Analyst,Tachyon Technologies,"Irving, TX"
Salesforce Business Analyst (12 month contract/Remote),Talution Group,"Coppell, TX"
Business Analyst,Targetbase,"Irving, TX"
Business Analyst,Tata Technologies,"Dallas, TX"
Business Analyst,TechFetch.com - On Demand Tech Workforce hiring platform,"Dallas, TX"
Business Analyst,TekisHub Consulting Services,"Dallas, TX"
Business Analyst,Texas Capital Bank,"Richardson, TX"
Business Analyst with Finance Domain,Themesoft Inc.,"Richardson, TX"
Business Analyst/Technical Trainer 7489,Thomas Edwards Group,"Dallas, TX"
Business Analyst - Salesforce,TMX Finance Family of Companies,"Carrollton, TX"
Business Analyst - Strategy & Analytics,Toptal,"Dallas, TX"
Business Analyst,TransTech IT Staffing - A Mitchell Martin Company,"Richardson, TX"
Business Analyst,TripActions,"Dallas, TX"
Business Analyst,"Triumph Bancorp, Inc.","Coppell, TX"
Business Analyst,Triumph Business Capital,"Coppell, TX"
Salesforce Business Analyst,TriumphPay,"Coppell, TX"
Business Analyst,"TSR Consulting Services, Inc","Irving, TX"
Senior Business Analyst - Professional Services,Uniphore,"Dallas, TX"
Business Analyst,UWorld,"Dallas, TX"
Business Analyst with Financial Services experience,"VED Software Services, Inc.","Westlake, TX"
IT Business Analyst - Assisted Sales,Verizon,"Irving, TX"
Business Analyst,VIP,"Dallas, TX"
Business Analyst,"Vizient, Inc","Irving, TX"
Senior Business Analyst - Telecommute,WellMed Medical Management,"Dallas, TX"
Business Analyst - OBIEE Developer,Wells Fargo,"Irving, TX"
Github Consolidation Business Analyst,WPP,"Dallas, TX"
Business Analyst,Xplor,"Dallas, TX"
Business Analyst,"Yoh, A Day & Zimmermann Company","Irving, TX"
Business Analyst ZD2256,ZAR IT Solutions,"Coppell, TX"
Business Analyst,Zeva Technology,"Dallas, TX"
Business Analyst - RetailMeNot,Ziff Media Group,"Dallas, TX"
