Position,Company,Location 
QA Engineer,Dynata,"Addison, TX "
Sales Desk Quality Associate,National Life Group,"Addison, TX "
Quality Inspection - Level 1 - 2nd Shift,Honeywell,"Arlington, TX "
Associate Quality Specialist,TreeHouse Foods,"Carrollton, TX "
Quality Specialist,Brown Paper Goods,"Coppell, TX "
EHS & QA Clerk,Suddath International,"Coppell, TX "
EHS & QA Representative,The Suddath Companies,"Coppell, TX "
Quality Assurance Specialist,Vivid Seats,"Coppell, TX "
Manager of Reporting and QA,A-LIGN,"Dallas, TX "
Quality Improvement Analyst,Baylor Scott & White Health,"Dallas, TX "
Senior QA Engineer,Collibra,"Dallas, TX "
Remote - Mobile QA Engineer,CyberCoders,"Dallas, TX "
"Lead Quality Assurance Specialist Dallas, Texas",Defense Contract Management Agency (DCMA),"Dallas, TX "
Automation QA Lead,EVRY India,"Dallas, TX "
Inventory Control Quality Assurance Process Assistant,Eyemart Express,"Dallas, TX "
Food Safety & QA Field Specialist - Bilingual (Spanish/English),"Fiesta Mart, Inc.","Dallas, TX "
Quality Analyst,Firstsource,"Dallas, TX "
Quality Control Technician,Florence Corporation,"Dallas, TX "
QA Analyst - Metaverse,Forward Game Studios,"Dallas, TX "
Technician - Quality Control,Freeman Company,"Dallas, TX "
Quality Programs Support I PT (25835),GI Alliance,"Dallas, TX "
Quality Assurance Specialist,Goodier Cosmetics Inc,"Dallas, TX "
"Quality Assurance Analyst, Underwriter",GuideOne Insurance,"Dallas, TX "
Quality Control Specialist - DFW Airport,JBT Corporation,"Dallas, TX "
Quality Assurance Specialist,KBX,"Dallas, TX "
QA Compliance Auditor,Labcorp Drug Development,"Dallas, TX "
Textile Testing and Quality Assurance Analyst,Loloi Rugs,"Dallas, TX "
BMT Quality and Performance Coordinator,MEDICAL CITY DALLAS,"Dallas, TX "
QA Technician,Mizkan America,"Dallas, TX "
Quality Assurance Engineer,Murata,"Dallas, TX "
QA Project Lead,MZ,"Dallas, TX "
Call Center Quality Assurance Specialist (REMOTE),National General Insurance,"Dallas, TX "
Quality Assurance Associate - Manufacturing,Niagara Bottling,"Dallas, TX "
QA - Test Lead - Senior Associate,PwC,"Dallas, TX "
QA Data Analyst,Risk Strategies Company,"Dallas, TX "
Software QA Engineer (Remote),Siemens Digital Industries Software,"Dallas, TX "
Quality Assurance and Compliance Analyst,Tecovas,"Dallas, TX "
"Install Quality Specialist, Energy",Tesla,"Dallas, TX "
Quality Document Improvement Specialist,Texas Health Resources,"Dallas, TX "
SCA Quality Auditor I,"Anthem, Inc.","Denison, TX "
Quality Liaison,"Comprehensive Logistics Co., Inc.","Denton, TX "
MSS Coordinator/Quality Engineer SG 24/25 Job,Peterbilt Motors Company,"Denton, TX "
Loan Quality Assurance Specialist II,First United Bank,"Durant, OK "
Quality Assurance Administrator,Best Buy,"Flower Mound, TX "
Quality Inspector,CTDI,"Flower Mound, TX "
"QA Technician-3rd Shift, Sunday-Thursday",Alcon,"Fort Worth, TX "
QA Software Engineer/SDET (Dallas),Dematic,"Fort Worth, TX "
Quality Assurance Specialist,DriveTime,"Fort Worth, TX "
Designated Quality Representative,"TTI, Inc.","Fort Worth, TX "
QA Project Manager,Velex,"Frisco, TX "
QA Analyst,VMLY&R,"Frisco, TX "
QA Inspector,WestRock Company,"Garland, TX "
Quality Engineer Associate - Entry Level with Security Clearance,ClearanceJobs,"Grand Prairie, TX "
Quality Engineer Associate - Entry Level,Lockheed Martin,"Grand Prairie, TX "
Quality Control,"Poly-America, LP","Grand Prairie, TX "
Inbound Quality Assurance Inspector,Arhaus,"Hutchins, TX "
Loan Quality Assurance Analyst,BSI Financial Services,"Irving, TX "
"Associate, Valuation Quality",CoreLogic,"Irving, TX "
"QA Engineer, Special Projects & Implementation",Flowserve Corporation,"Irving, TX "
Senior QA Engineer,GTN Technical Staffing and Consulting,"Irving, TX "
WORKLEADER I QA- 3rd Shift,McCormick & Company,"Irving, TX "
KYC Quality Control - AVP,MUFG,"Irving, TX "
QA Specialist - Servicing (Hybrid),Octane,"Irving, TX "
Mortgage QA/ QC Analyst - Remote,"Recovco Mortgage Management, LLC","Irving, TX "
Quality Associate I,Revision Skincare,"Irving, TX "
Software Engineer - QA - Enterprise Money Movement,U.S. Bank,"Irving, TX "
"Quality Control, Replacements",ARTERIORS Home,"Lewisville, TX "
"Specialist, Quality Assurance",Quest Diagnostics,"Lewisville, TX "
Quality Control Specialist,Independent Financial,"McKinney, TX "
"QA Tester, Connected Vehicle","DMI (Digital Management, LLC)","Plano, TX "
Quality Assurance Specialist,Fisher Investments,"Plano, TX "
Quality Assurance Intern,Hilti North America,"Plano, TX "
Quality Control Coordinator I,Inogen,"Plano, TX "
"SDET/QA Automation Engineer (Engineer III, Software Test)",Omnicell,"Plano, TX "
Software QA Engineer 1,Orchestra Technology (L&T Technology services),"Plano, TX "
"Professional, Software Quality Assurance (mult.)",Samsung Electronics America,"Plano, TX "
QA Tester,Softworld,"Plano, TX "
Quality Assurance Specialist,The Seat Shop,"Plano, TX "
IT Automation QA Lead,Lennox International,"Richardson, TX "
Quality Assurance Specialist,Service Experts Heating & Air Conditioning,"Richardson, TX "
Quality Auditor,Group O,"Roanoke, TX "
QA Technician I,Incora,"Roanoke, TX "
Quality Assurance Technician,CTI Foods,"Saginaw, TX "
Quality Specialist,"United Surgical Partners International, Inc","Trophy Club, TX "
